pdb.id,chain.type.from,region.type.from,residue.index.from,residue.index.to,pos.from,pos.to,residue.aa.from,residue.aa.to
1ao7,TRA,CDR3,92,4,4,4,D,Y
1ao7,TRA,CDR3,93,5,5,5,S,P
1ao7,TRA,CDR3,90,4,2,4,T,Y
1ao7,TRB,CDR3,94,5,5,5,L,P
1ao7,TRB,CDR3,96,4,7,4,G,Y
1ao7,TRB,CDR3,93,5,4,5,G,P
1ao7,TRA,CDR1,30,4,5,4,S,Y
1ao7,TRA,CDR3,91,3,3,3,T,G
1ao7,TRB,CDR3,95,6,6,6,A,V
1ao7,TRB,CDR3,95,7,6,7,A,Y
1ao7,TRA,CDR1,29,3,4,3,Q,G
1ao7,TRB,CDR3,97,4,8,4,G,Y
1ao7,TRB,CDR3,91,4,2,4,R,Y
1ao7,TRB,CDR3,96,6,7,6,G,V
1ao7,TRB,CDR3,97,6,8,6,G,V
1ao7,TRA,CDR1,29,2,4,2,Q,F
1ao7,TRA,CDR3,92,3,4,3,D,G
1ao7,TRB,CDR3,94,7,5,7,L,Y
1ao7,TRB,CDR1,27,7,3,7,E,Y
1ao7,TRA,CDR1,29,4,4,4,Q,Y
1ao7,TRA,CDR1,29,0,4,0,Q,L
1ao7,TRA,CDR3,93,3,5,3,S,G
1ao7,TRA,CDR1,29,1,4,1,Q,L
1ao7,TRA,CDR3,91,4,3,4,T,Y
1ao7,TRB,CDR3,98,4,9,4,R,Y
1ao7,TRB,CDR3,94,6,5,6,L,V
1ao7,TRA,CDR1,27,0,2,0,G,L
1ao7,TRA,CDR3,93,4,5,4,S,Y
1ao7,TRB,CDR3,99,4,10,4,P,Y
1bd2,TRB,CDR3,93,5,4,5,P,P
1bd2,TRA,CDR3,93,3,4,3,G,G
1bd2,TRA,CDR3,93,4,4,4,G,Y
1bd2,TRA,CDR1,29,4,4,4,D,Y
1bd2,TRB,CDR3,98,4,9,4,Y,Y
1bd2,TRB,CDR3,98,6,9,6,Y,V
1bd2,TRA,CDR3,94,3,5,3,A,G
1bd2,TRA,CDR1,30,4,5,4,Y,Y
1bd2,TRB,CDR3,93,6,4,6,P,V
1bd2,TRB,CDR3,92,7,3,7,Y,Y
1bd2,TRA,CDR1,27,0,2,0,M,L
1bd2,TRA,CDR3,94,4,5,4,A,Y
1bd2,TRB,CDR3,94,6,5,6,G,V
1bd2,TRB,CDR3,95,7,6,7,G,Y
1bd2,TRB,CDR3,94,7,5,7,G,Y
1bd2,TRA,CDR1,26,0,1,0,S,L
1bd2,TRB,CDR3,96,6,7,6,G,V
1bd2,TRA,CDR3,91,4,2,4,M,Y
1bd2,TRB,CDR3,95,6,6,6,G,V
1bd2,TRB,CDR3,94,5,5,5,G,P
1bd2,TRA,CDR1,29,3,4,3,D,G
1fo0,TRB,CDR3,96,3,5,3,R,D
1fo0,TRB,CDR3,98,5,7,5,G,N
1fo0,TRB,CDR3,97,5,6,5,V,N
1fo0,TRB,CDR3,97,3,6,3,V,D
1fo0,TRB,CDR3,97,4,6,4,V,F
1fo0,TRB,CDR1,31,6,5,6,W,T
1fo0,TRB,CDR3,96,4,5,4,R,F
1fo0,TRB,CDR3,96,5,5,5,R,N
1fo0,TRB,CDR3,95,6,4,6,D,T
1fo0,TRB,CDR3,99,5,8,5,N,N
1fo0,TRB,CDR3,95,5,4,5,D,N
1g6r,TRB,CDR3,95,3,4,3,G,R
1g6r,TRB,CDR3,95,5,4,5,G,Y
1g6r,TRA,CDR1,30,2,5,2,Y,Y
1g6r,TRB,CDR1,30,5,4,5,N,Y
1g6r,TRB,CDR1,29,6,3,6,N,G
1g6r,TRA,CDR1,30,3,5,3,Y,R
1g6r,TRA,CDR3,94,3,4,3,F,R
1g6r,TRB,CDR1,28,5,2,5,H,Y
1g6r,TRA,CDR3,93,3,3,3,G,R
1g6r,TRB,CDR3,93,5,2,5,G,Y
1g6r,TRA,CDR3,95,3,5,3,A,R
1g6r,TRA,CDR3,92,3,2,3,S,R
1g6r,TRB,CDR3,96,3,5,3,G,R
1g6r,TRB,CDR1,29,7,3,7,N,L
1g6r,TRB,CDR1,27,5,1,5,N,Y
1g6r,TRB,CDR3,94,5,3,5,G,Y
1g6r,TRB,CDR1,29,5,3,5,N,Y
1g6r,TRA,CDR3,96,3,6,3,S,R
1g6r,TRA,FR1,0,3,0,3,Q,R
1jtr,TRA,CDR1,27,0,2,0,A,E
1jtr,TRA,CDR3,95,3,5,3,A,K
1jtr,TRB,CDR1,28,5,2,5,H,Y
1jtr,TRB,CDR3,94,5,3,5,G,Y
1jtr,TRA,CDR3,92,3,2,3,S,K
1jtr,TRA,CDR3,93,3,3,3,G,K
1jtr,TRA,CDR1,30,2,5,2,Y,Y
1jtr,TRB,CDR1,30,5,4,5,N,Y
1jtr,TRA,CDR3,94,3,4,3,F,K
1jtr,TRB,CDR1,29,6,3,6,N,S
1jtr,TRB,CDR1,29,5,3,5,N,Y
1jtr,TRB,CDR1,29,7,3,7,N,V
1jtr,TRB,CDR3,93,5,2,5,G,Y
1jtr,TRA,CDR3,96,3,6,3,S,K
1jtr,TRB,CDR1,27,5,1,5,N,Y
1jtr,TRA,CDR1,30,3,5,3,Y,K
1jtr,TRB,CDR3,95,5,4,5,G,Y
1jtr,TRB,CDR2,49,6,1,6,Y,S
1kj2,TRA,CDR3,94,3,5,3,G,T
1kj2,TRB,CDR3,95,5,4,5,A,I
1kj2,TRA,CDR3,93,0,4,0,Q,K
1kj2,TRA,CDR3,93,2,4,2,Q,I
1kj2,TRA,CDR1,27,0,2,0,T,K
1kj2,TRB,CDR3,97,3,6,3,D,T
1kj2,TRB,CDR1,30,6,4,6,P,D
1kj2,TRB,CDR3,94,5,3,5,A,I
1kj2,TRA,CDR3,93,1,4,1,Q,V
1kj2,TRB,CDR2,50,6,1,6,R,D
1kj2,TRB,CDR3,95,3,4,3,A,T
1kj2,TRB,CDR3,96,3,5,3,P,T
1kj2,TRA,CDR3,93,3,4,3,Q,T
1lp9,TRA,CDR3,91,4,2,4,F,F
1lp9,TRB,CDR3,98,4,7,4,Y,F
1lp9,TRA,CDR3,96,4,7,4,S,F
1lp9,TRA,CDR3,97,3,8,3,F,G
1lp9,TRA,CDR3,94,3,5,3,S,G
1lp9,TRB,CDR1,30,5,4,5,Y,F
1lp9,TRA,CDR3,98,5,9,5,S,F
1lp9,TRA,CDR3,94,1,5,1,S,L
1lp9,TRA,CDR3,94,2,5,2,S,W
1lp9,TRA,CDR3,98,3,9,3,S,G
1lp9,TRA,CDR3,97,5,8,5,F,F
1lp9,TRA,CDR3,93,3,4,3,A,G
1lp9,TRA,CDR3,93,4,4,4,A,F
1lp9,TRB,CDR3,95,6,4,6,W,P
1lp9,TRB,CDR3,97,4,6,4,S,F
1lp9,TRA,CDR3,95,1,6,1,S,L
1lp9,TRA,CDR3,96,3,7,3,S,G
1lp9,TRB,CDR3,95,4,4,4,W,F
1lp9,TRA,CDR3,95,3,6,3,S,G
1lp9,TRB,CDR3,96,4,5,4,V,F
1lp9,TRB,CDR3,95,5,4,5,W,F
1lp9,TRB,CDR3,95,7,4,7,W,V
1lp9,TRA,CDR3,93,2,4,2,A,W
1lp9,TRA,CDR3,98,4,9,4,S,F
1mi5,TRB,CDR3,96,5,6,5,A,A
1mi5,TRB,CDR3,95,5,5,5,Q,A
1mi5,TRB,CDR3,96,6,6,6,A,Y
1mi5,TRA,CDR3,92,3,6,3,G,G
1mi5,TRA,CDR1,27,3,4,3,T,G
1mi5,TRA,CDR3,89,6,3,6,L,Y
1mi5,TRA,CDR3,94,5,8,5,S,A
1mi5,TRA,FR2,31,6,1,6,H,Y
1mi5,TRB,CDR3,95,4,5,4,Q,R
1mi5,TRB,CDR3,97,7,7,7,Y,G
1mi5,TRA,CDR1,29,6,6,6,Y,Y
1mi5,TRA,FR2,46,6,16,6,H,Y
1mi5,TRB,CDR3,97,6,7,6,Y,Y
1mi5,TRA,CDR3,89,5,3,5,L,A
1mi5,TRA,CDR3,95,5,9,5,Y,A
1mwa,TRB,CDR1,27,5,1,5,N,Y
1mwa,TRB,CDR3,93,5,2,5,G,Y
1mwa,TRA,CDR3,92,3,2,3,S,K
1mwa,TRA,CDR1,30,2,5,2,Y,Y
1mwa,TRA,CDR3,93,3,3,3,G,K
1mwa,TRA,CDR3,96,3,6,3,S,K
1mwa,TRB,CDR1,29,5,3,5,N,Y
1mwa,TRB,CDR1,29,6,3,6,N,S
1mwa,TRA,CDR1,27,0,2,0,A,E
1mwa,TRB,CDR2,49,6,1,6,Y,S
1mwa,TRB,CDR1,29,7,3,7,N,V
1mwa,TRB,CDR3,94,5,3,5,G,Y
1mwa,TRB,CDR1,30,5,4,5,N,Y
1mwa,TRA,CDR3,94,3,4,3,F,K
1mwa,TRB,CDR1,28,5,2,5,H,Y
1mwa,TRA,CDR3,95,3,5,3,A,K
1mwa,TRB,CDR3,95,5,4,5,G,Y
1mwa,TRA,CDR1,30,3,5,3,Y,K
1nam,TRB,CDR3,97,3,6,3,V,V
1nam,TRB,CDR3,95,6,4,6,D,G
1nam,TRA,CDR3,96,3,5,3,Y,V
1nam,TRB,CDR3,97,5,6,5,V,Q
1nam,TRB,CDR3,96,5,5,5,R,Q
1nam,TRB,CDR3,99,5,8,5,N,Q
1nam,TRA,CDR3,96,4,5,4,Y,Y
1nam,TRB,CDR3,95,5,4,5,D,Q
1nam,TRB,CDR3,97,4,6,4,V,Y
1oga,TRA,CDR3,92,4,4,4,S,F
1oga,TRA,CDR3,91,4,3,4,G,F
1oga,TRA,CDR3,93,3,5,3,Q,G
1oga,TRB,CDR2,47,4,1,4,Q,F
1oga,TRA,CDR3,93,4,5,4,Q,F
1oga,TRB,CDR3,93,6,4,6,R,F
1oga,TRB,CDR3,94,5,5,5,S,V
1oga,TRA,CDR3,94,3,6,3,G,G
1oga,TRB,CDR2,47,3,1,3,Q,G
1oga,TRB,CDR2,47,5,1,5,Q,V
1oga,TRB,CDR2,48,7,2,7,I,T
1oga,TRB,CDR1,27,7,3,7,D,T
1oga,TRA,CDR3,94,4,6,4,G,F
1oga,TRB,CDR3,93,5,4,5,R,V
1oga,TRB,CDR3,94,4,5,4,S,F
1oga,TRB,CDR3,95,4,6,4,S,F
1oga,TRB,CDR2,48,5,2,5,I,V
1oga,TRA,CDR3,92,3,4,3,S,G
1oga,TRB,CDR3,93,4,4,4,R,F
1qrn,TRB,CDR3,99,4,10,4,P,Y
1qrn,TRA,CDR1,29,4,4,4,Q,Y
1qrn,TRB,CDR3,95,6,6,6,A,V
1qrn,TRA,CDR1,30,4,5,4,S,Y
1qrn,TRA,CDR3,90,4,2,4,T,Y
1qrn,TRA,CDR3,92,3,4,3,D,G
1qrn,TRA,CDR1,29,2,4,2,Q,F
1qrn,TRA,CDR1,29,0,4,0,Q,L
1qrn,TRA,CDR3,91,4,3,4,T,Y
1qrn,TRB,CDR3,93,5,4,5,G,A
1qrn,TRA,CDR3,91,3,3,3,T,G
1qrn,TRB,CDR1,27,7,3,7,E,Y
1qrn,TRB,CDR3,94,6,5,6,L,V
1qrn,TRB,CDR3,97,6,8,6,G,V
1qrn,TRA,CDR3,93,3,5,3,S,G
1qrn,TRB,CDR3,96,4,7,4,G,Y
1qrn,TRB,CDR3,95,7,6,7,A,Y
1qrn,TRA,CDR3,93,5,5,5,S,A
1qrn,TRB,CDR3,96,6,7,6,G,V
1qrn,TRB,CDR3,94,5,5,5,L,A
1qrn,TRB,CDR3,94,7,5,7,L,Y
1qrn,TRA,CDR1,29,1,4,1,Q,L
1qrn,TRA,CDR1,27,0,2,0,G,L
1qrn,TRB,CDR3,97,4,8,4,G,Y
1qrn,TRB,CDR3,91,4,2,4,R,Y
1qrn,TRA,CDR3,93,4,5,4,S,Y
1qrn,TRA,CDR3,92,4,4,4,D,Y
1qrn,TRA,CDR1,29,3,4,3,Q,G
1qse,TRB,CDR3,97,6,8,6,G,R
1qse,TRB,CDR3,94,5,5,5,L,P
1qse,TRB,CDR3,95,7,6,7,A,Y
1qse,TRA,CDR3,93,5,5,5,S,P
1qse,TRB,CDR3,95,6,6,6,A,R
1qse,TRB,CDR3,95,5,6,5,A,P
1qse,TRA,CDR3,91,3,3,3,T,G
1qse,TRA,CDR1,29,2,4,2,Q,F
1qse,TRA,CDR3,91,4,3,4,T,Y
1qse,TRA,CDR3,92,4,4,4,D,Y
1qse,TRA,CDR1,29,0,4,0,Q,L
1qse,TRB,CDR3,99,6,10,6,P,R
1qse,TRA,CDR1,29,3,4,3,Q,G
1qse,TRA,CDR3,93,3,5,3,S,G
1qse,TRB,CDR3,94,7,5,7,L,Y
1qse,TRB,CDR3,93,6,4,6,G,R
1qse,TRB,CDR3,98,6,9,6,R,R
1qse,TRB,CDR3,96,6,7,6,G,R
1qse,TRA,CDR3,93,6,5,6,S,R
1qse,TRA,CDR1,27,0,2,0,G,L
1qse,TRA,CDR1,29,4,4,4,Q,Y
1qse,TRB,CDR1,27,7,3,7,E,Y
1qse,TRB,CDR3,94,6,5,6,L,R
1qse,TRA,CDR1,30,4,5,4,S,Y
1qse,TRA,CDR3,92,3,4,3,D,G
1qse,TRA,CDR3,93,4,5,4,S,Y
1qse,TRB,CDR3,92,6,3,6,P,R
1qse,TRB,CDR3,93,5,4,5,G,P
1qse,TRA,CDR1,29,1,4,1,Q,L
1qse,TRB,CDR3,99,4,10,4,P,Y
1qse,TRA,CDR3,90,4,2,4,T,Y
1qsf,TRB,CDR3,95,6,6,6,A,V
1qsf,TRB,CDR3,94,5,5,5,L,P
1qsf,TRB,CDR3,99,4,10,4,P,Y
1qsf,TRA,CDR3,93,3,5,3,S,G
1qsf,TRB,CDR3,96,6,7,6,G,V
1qsf,TRA,CDR3,91,3,3,3,T,G
1qsf,TRB,CDR3,94,6,5,6,L,V
1qsf,TRA,CDR3,90,4,2,4,T,Y
1qsf,TRA,CDR1,29,0,4,0,Q,L
1qsf,TRA,CDR3,93,4,5,4,S,Y
1qsf,TRA,CDR1,30,4,5,4,S,Y
1qsf,TRA,CDR1,29,2,4,2,Q,F
1qsf,TRA,CDR3,92,4,4,4,D,Y
1qsf,TRA,CDR1,29,1,4,1,Q,L
1qsf,TRA,CDR3,93,5,5,5,S,P
1qsf,TRA,CDR3,92,3,4,3,D,G
1qsf,TRA,CDR1,29,4,4,4,Q,Y
1qsf,TRB,CDR3,94,7,5,7,L,A
1qsf,TRA,CDR1,27,0,2,0,G,L
1qsf,TRA,CDR1,29,3,4,3,Q,G
1qsf,TRA,CDR3,91,4,3,4,T,Y
2bnq,TRB,CDR3,94,6,5,6,G,T
2bnq,TRB,CDR3,92,4,3,4,Y,W
2bnq,TRB,CDR3,97,4,8,4,G,W
2bnq,TRB,CDR1,25,7,1,7,N,Q
2bnq,TRB,CDR1,27,5,3,5,E,I
2bnq,TRA,CDR3,91,4,2,4,R,W
2bnq,TRB,CDR3,94,4,5,4,G,W
2bnq,TRB,CDR3,95,6,6,6,N,T
2bnq,TRB,CDR3,93,5,4,5,V,I
2bnq,TRA,CDR3,98,3,9,3,Y,M
2bnq,TRB,CDR3,92,7,3,7,Y,Q
2bnq,TRA,CDR1,29,6,4,6,Y,T
2bnq,TRA,CDR3,96,3,7,3,G,M
2bnq,TRB,CDR3,93,3,4,3,V,M
2bnq,TRA,CDR1,29,4,4,4,Y,W
2bnq,TRA,CDR3,92,3,3,3,P,M
2bnq,TRB,CDR3,94,5,5,5,G,I
2bnq,TRA,CDR3,95,3,6,3,G,M
2bnq,TRA,CDR3,93,3,4,3,T,M
2bnq,TRB,CDR1,27,7,3,7,E,Q
2bnq,TRA,CDR3,98,5,9,5,Y,I
2bnq,TRA,CDR3,92,4,3,4,P,W
2bnq,TRA,CDR3,93,4,4,4,T,W
2bnq,TRA,CDR3,94,4,5,4,S,W
2bnq,TRA,CDR3,97,3,8,3,S,M
2bnq,TRB,CDR3,95,5,6,5,N,I
2bnq,TRA,CDR3,98,4,9,4,Y,W
2bnq,TRB,CDR3,93,4,4,4,V,W
2bnq,TRA,CDR3,94,3,5,3,S,M
2bnr,TRB,CDR1,27,7,3,7,E,Q
2bnr,TRB,CDR3,94,4,5,4,G,W
2bnr,TRB,CDR3,93,4,4,4,V,W
2bnr,TRB,CDR3,97,4,8,4,G,W
2bnr,TRA,CDR3,98,5,9,5,Y,I
2bnr,TRB,CDR3,94,6,5,6,G,T
2bnr,TRA,CDR3,97,3,8,3,S,M
2bnr,TRB,CDR1,27,5,3,5,E,I
2bnr,TRA,CDR3,94,3,5,3,S,M
2bnr,TRB,CDR3,94,5,5,5,G,I
2bnr,TRA,CDR3,94,4,5,4,S,W
2bnr,TRB,CDR3,93,3,4,3,V,M
2bnr,TRB,CDR3,95,5,6,5,N,I
2bnr,TRA,CDR3,98,4,9,4,Y,W
2bnr,TRA,CDR3,92,3,3,3,P,M
2bnr,TRA,CDR1,29,4,4,4,Y,W
2bnr,TRB,CDR3,93,5,4,5,V,I
2bnr,TRA,CDR3,93,3,4,3,T,M
2bnr,TRA,CDR3,95,3,6,3,G,M
2bnr,TRB,CDR1,25,7,1,7,N,Q
2bnr,TRB,CDR1,24,7,0,7,M,Q
2bnr,TRA,CDR3,98,2,9,2,Y,L
2bnr,TRA,CDR3,98,3,9,3,Y,M
2bnr,TRA,CDR3,91,4,2,4,R,W
2bnr,TRA,CDR3,96,3,7,3,G,M
2bnr,TRB,CDR3,95,6,6,6,N,T
2bnr,TRA,CDR3,93,4,4,4,T,W
2bnr,TRB,CDR3,92,4,3,4,Y,W
2bnr,TRB,CDR3,93,6,4,6,V,T
2bnr,TRA,CDR3,92,4,3,4,P,W
2bnr,TRA,CDR1,29,6,4,6,Y,T
2bnr,TRB,CDR3,92,7,3,7,Y,Q
2ckb,TRB,CDR2,49,6,1,6,Y,S
2ckb,TRB,CDR1,29,6,3,6,N,S
2ckb,TRB,CDR1,27,5,1,5,N,Y
2ckb,TRB,CDR1,28,5,2,5,H,Y
2ckb,TRB,CDR3,93,5,2,5,G,Y
2ckb,TRB,CDR3,95,5,4,5,G,Y
2ckb,TRB,CDR1,29,5,3,5,N,Y
2ckb,TRA,CDR3,96,3,6,3,S,K
2ckb,TRA,CDR3,95,3,5,3,A,K
2ckb,TRA,CDR1,28,0,3,0,T,E
2ckb,TRB,CDR1,29,7,3,7,N,V
2ckb,TRA,CDR3,92,3,2,3,S,K
2ckb,TRA,CDR3,94,3,4,3,F,K
2ckb,TRA,CDR3,93,3,3,3,G,K
2ckb,TRB,CDR3,94,5,3,5,G,Y
2ckb,TRB,CDR1,30,5,4,5,N,Y
2ckb,TRA,CDR1,30,2,5,2,Y,Y
2e7l,TRA,CDR1,30,3,5,3,Y,P
2e7l,TRB,CDR3,93,7,2,7,G,D
2e7l,TRB,CDR3,95,5,4,5,G,P
2e7l,TRA,CDR3,95,4,5,4,G,F
2e7l,TRB,CDR3,95,7,4,7,G,D
2e7l,TRA,CDR3,95,3,5,3,G,P
2e7l,TRB,CDR1,27,7,1,7,N,D
2e7l,TRB,CDR3,95,6,4,6,G,F
2e7l,TRB,CDR3,94,7,3,7,G,D
2e7l,TRB,CDR1,30,4,4,4,N,F
2e7l,TRA,CDR2,49,6,1,6,Y,F
2e7l,TRB,CDR1,29,8,3,8,N,L
2e7l,TRA,CDR3,94,3,4,3,Q,P
2e7l,TRA,CDR3,94,4,4,4,Q,F
2e7l,TRB,CDR1,28,7,2,7,H,D
2e7l,TRB,CDR1,29,7,3,7,N,D
2e7l,TRB,CDR1,30,7,4,7,N,D
2e7l,TRB,CDR2,49,4,1,4,Y,F
2e7l,TRA,CDR3,96,4,6,4,R,F
2e7l,TRB,CDR3,94,6,3,6,G,F
2e7l,TRB,CDR3,96,6,5,6,G,F
2e7l,TRA,CDR3,94,0,4,0,Q,Q
2esv,TRA,CDR3,92,4,6,4,N,R
2esv,TRB,CDR3,95,5,5,5,R,T
2esv,TRB,CDR1,28,7,4,7,N,I
2esv,TRB,CDR2,47,7,1,7,V,I
2esv,TRA,CDR3,91,4,5,4,S,R
2esv,TRA,CDR3,92,5,6,5,N,T
2esv,TRB,CDR2,48,7,2,7,K,I
2esv,TRB,CDR1,27,7,3,7,D,I
2esv,TRA,CDR1,27,3,4,3,N,P
2esv,TRA,CDR3,91,3,5,3,S,P
2esv,TRB,CDR3,94,4,4,4,D,R
2esv,TRB,CDR3,96,4,6,4,D,R
2esv,TRB,CDR1,27,8,3,8,D,L
2esv,TRB,CDR2,48,8,2,8,K,L
2esv,TRB,CDR3,95,4,5,4,R,R
2esv,TRB,CDR3,95,6,5,6,R,L
2esv,TRB,CDR3,95,7,5,7,R,I
2esv,TRA,CDR3,90,3,4,3,S,P
2esv,TRA,CDR3,90,4,4,4,S,R
2esv,TRA,CDR3,92,3,6,3,N,P
2f53,TRB,CDR3,96,4,5,4,G,W
2f53,TRB,CDR3,94,7,3,7,Y,Q
2f53,TRB,CDR1,27,7,1,7,N,Q
2f53,TRA,CDR3,93,4,3,4,P,W
2f53,TRB,CDR3,95,5,4,5,V,I
2f53,TRB,CDR1,26,7,0,7,M,Q
2f53,TRA,CDR1,30,4,4,4,Y,W
2f53,TRB,CDR1,28,7,2,7,H,Q
2f53,TRA,CDR3,99,4,9,4,Y,W
2f53,TRA,CDR3,92,4,2,4,R,W
2f53,TRA,CDR1,30,6,4,6,Y,T
2f53,TRB,CDR3,95,4,4,4,V,W
2f53,TRB,CDR3,99,4,8,4,G,W
2f53,TRB,CDR3,94,4,3,4,Y,W
2f53,TRB,CDR3,97,6,6,6,N,T
2f53,TRB,CDR1,29,7,3,7,E,Q
2f53,TRA,CDR3,94,3,4,3,T,M
2f53,TRA,CDR3,99,3,9,3,Y,M
2f53,TRA,CDR3,94,4,4,4,T,W
2f53,TRB,CDR1,29,5,3,5,E,I
2f53,TRB,CDR3,96,6,5,6,G,T
2f53,TRA,CDR3,96,3,6,3,G,M
2f53,TRA,CDR3,95,3,5,3,S,M
2f53,TRA,CDR3,93,3,3,3,P,M
2f53,TRB,CDR3,95,3,4,3,V,M
2f53,TRB,CDR3,97,5,6,5,N,I
2f53,TRB,CDR3,96,5,5,5,G,I
2f53,TRA,CDR3,97,3,7,3,G,M
2f53,TRA,CDR3,98,3,8,3,S,M
2f54,TRA,CDR3,97,3,8,3,S,M
2f54,TRB,CDR3,95,6,6,6,N,T
2f54,TRB,CDR3,94,6,5,6,G,T
2f54,TRA,CDR3,96,3,7,3,G,M
2f54,TRA,CDR3,92,3,3,3,P,M
2f54,TRB,CDR3,95,5,6,5,N,I
2f54,TRA,CDR3,93,3,4,3,T,M
2f54,TRB,CDR1,26,7,2,7,H,Q
2f54,TRA,CDR3,94,4,5,4,S,W
2f54,TRB,CDR3,92,4,3,4,Y,W
2f54,TRA,CDR3,95,3,6,3,G,M
2f54,TRB,CDR3,93,5,4,5,V,I
2f54,TRB,CDR3,92,7,3,7,Y,Q
2f54,TRA,CDR3,98,3,9,3,Y,M
2f54,TRB,CDR3,93,4,4,4,V,W
2f54,TRA,CDR1,29,6,4,6,Y,T
2f54,TRA,CDR3,98,5,9,5,Y,I
2f54,TRA,CDR3,93,4,4,4,T,W
2f54,TRB,CDR1,27,7,3,7,E,Q
2f54,TRB,CDR1,25,7,1,7,N,Q
2f54,TRA,CDR3,94,3,5,3,S,M
2f54,TRA,CDR3,98,4,9,4,Y,W
2f54,TRA,CDR3,91,4,2,4,R,W
2f54,TRB,CDR3,94,5,5,5,G,I
2f54,TRA,CDR1,29,4,4,4,Y,W
2f54,TRB,CDR3,97,4,8,4,G,W
2f54,TRB,CDR3,94,4,5,4,G,W
2f54,TRB,CDR1,27,5,3,5,E,I
2f54,TRB,CDR3,93,3,4,3,V,M
2f54,TRA,CDR3,92,4,3,4,P,W
2gj6,TRB,CDR3,92,4,3,4,P,K
2gj6,TRB,CDR3,99,4,10,4,P,K
2gj6,TRB,CDR3,95,6,6,6,A,V
2gj6,TRA,CDR3,91,3,3,3,T,G
2gj6,TRB,CDR3,94,7,5,7,L,Y
2gj6,TRB,CDR3,95,7,6,7,A,Y
2gj6,TRA,CDR1,29,2,4,2,Q,F
2gj6,TRB,CDR3,94,6,5,6,L,V
2gj6,TRB,CDR1,27,7,3,7,E,Y
2gj6,TRA,CDR1,29,1,4,1,Q,L
2gj6,TRA,CDR1,29,0,4,0,Q,L
2gj6,TRB,CDR3,93,4,4,4,G,K
2gj6,TRB,CDR3,96,6,7,6,G,V
2gj6,TRA,CDR3,93,5,5,5,S,P
2gj6,TRB,CDR3,93,5,4,5,G,P
2gj6,TRA,CDR3,93,3,5,3,S,G
2gj6,TRA,CDR1,29,3,4,3,Q,G
2gj6,TRB,CDR3,94,5,5,5,L,P
2gj6,TRA,CDR1,27,0,2,0,G,L
2gj6,TRA,CDR3,92,3,4,3,D,G
2gj6,TRA,CDR3,93,4,5,4,S,K
2j8u,TRB,CDR3,96,4,5,4,V,F
2j8u,TRA,CDR3,93,2,4,2,A,W
2j8u,TRA,CDR3,98,3,9,3,S,G
2j8u,TRB,CDR3,95,7,4,7,W,V
2j8u,TRA,CDR3,95,3,6,3,S,G
2j8u,TRB,CDR3,95,4,4,4,W,F
2j8u,TRB,CDR3,95,6,4,6,W,P
2j8u,TRB,CDR1,30,5,4,5,Y,F
2j8u,TRB,CDR3,97,4,6,4,S,F
2j8u,TRA,CDR3,96,2,7,2,S,W
2j8u,TRA,CDR3,97,3,8,3,F,G
2j8u,TRA,CDR3,96,3,7,3,S,G
2j8u,TRA,CDR3,98,4,9,4,S,F
2j8u,TRB,CDR3,98,4,7,4,Y,F
2j8u,TRA,CDR3,91,4,2,4,F,F
2j8u,TRB,CDR3,95,5,4,5,W,F
2j8u,TRA,CDR3,96,5,7,5,S,F
2j8u,TRA,CDR3,97,5,8,5,F,F
2j8u,TRA,CDR3,95,2,6,2,S,W
2j8u,TRA,CDR3,95,1,6,1,S,L
2jcc,TRB,CDR3,95,6,4,6,W,P
2jcc,TRB,CDR3,96,4,5,4,V,F
2jcc,TRA,CDR3,97,5,8,5,F,F
2jcc,TRB,CDR1,30,5,4,5,Y,F
2jcc,TRA,CDR3,97,3,8,3,F,G
2jcc,TRA,CDR3,93,3,4,3,A,G
2jcc,TRA,CDR3,93,4,4,4,A,F
2jcc,TRB,CDR3,97,4,6,4,S,F
2jcc,TRA,CDR3,94,1,5,1,S,L
2jcc,TRA,CDR3,95,1,6,1,S,L
2jcc,TRB,CDR3,95,7,4,7,W,V
2jcc,TRA,CDR3,96,3,7,3,S,G
2jcc,TRA,CDR3,94,2,5,2,S,W
2jcc,TRB,CDR3,95,4,4,4,W,F
2jcc,TRB,CDR3,95,5,4,5,W,F
2jcc,TRA,CDR3,98,5,9,5,S,F
2jcc,TRA,CDR3,94,3,5,3,S,G
2jcc,TRA,CDR3,91,4,2,4,F,F
2jcc,TRB,CDR3,98,4,7,4,Y,F
2jcc,TRA,CDR3,93,2,4,2,A,W
2jcc,TRA,CDR3,98,3,9,3,S,G
2jcc,TRA,CDR3,98,4,9,4,S,F
2nx5,TRB,CDR3,97,4,6,4,S,Q
2nx5,TRB,CDR3,96,8,5,8,D,T
2nx5,TRB,CDR3,96,6,5,6,D,Q
2nx5,TRB,CDR1,29,5,3,5,R,G
2nx5,TRB,CDR3,94,5,3,5,T,G
2nx5,TRB,CDR3,94,7,3,7,T,L
2nx5,TRB,CDR1,30,6,4,6,Y,Q
2nx5,TRB,CDR1,27,6,1,6,N,Q
2nx5,TRB,CDR3,96,4,5,4,D,Q
2nx5,TRA,CDR3,91,0,4,0,S,E
2nx5,TRB,CDR1,28,6,2,6,H,Q
2nx5,TRB,CDR3,95,5,4,5,G,G
2nx5,TRB,CDR3,95,6,4,6,G,Q
2nx5,TRB,CDR3,94,4,3,4,T,Q
2nx5,TRA,CDR3,95,3,8,3,Y,P
2nx5,TRA,CDR1,28,3,4,3,N,P
2nx5,TRB,CDR3,99,7,8,7,Q,L
2nx5,TRA,CDR3,95,0,8,0,Y,E
2nx5,TRB,CDR3,93,6,2,6,G,Q
2nx5,TRB,CDR1,29,6,3,6,R,Q
2nx5,TRB,CDR3,96,5,5,5,D,G
2nx5,TRB,CDR3,94,6,3,6,T,Q
2nx5,TRB,CDR3,96,7,5,7,D,L
2nx5,TRB,CDR3,95,4,4,4,G,Q
2oi9,TRB,CDR1,30,4,4,4,N,F
2oi9,TRB,CDR1,29,7,3,7,N,D
2oi9,TRA,CDR3,96,4,6,4,S,F
2oi9,TRB,CDR3,94,5,3,5,G,P
2oi9,TRB,CDR3,94,7,3,7,G,D
2oi9,TRA,CDR3,95,4,5,4,A,F
2oi9,TRB,CDR3,95,5,4,5,G,P
2oi9,TRB,CDR2,49,4,1,4,Y,F
2oi9,TRB,CDR1,30,7,4,7,N,D
2oi9,TRB,CDR1,29,8,3,8,N,L
2oi9,TRA,CDR2,49,6,1,6,Y,F
2oi9,TRB,CDR1,28,7,2,7,H,D
2oi9,TRA,CDR1,27,0,2,0,A,Q
2oi9,TRB,CDR1,27,7,1,7,N,D
2oi9,TRB,CDR3,94,6,3,6,G,F
2oi9,TRB,CDR3,95,6,4,6,G,F
2oi9,TRB,CDR3,93,7,2,7,G,D
2oi9,TRB,CDR3,95,7,4,7,G,D
2oi9,TRA,CDR1,28,3,3,3,T,P
2oi9,TRA,CDR1,30,3,5,3,Y,P
2oi9,TRB,CDR3,96,6,5,6,G,F
2ol3,TRA,CDR3,100,3,9,3,G,Y
2ol3,TRB,CDR3,96,5,5,5,R,N
2ol3,TRB,CDR3,95,5,4,5,D,N
2ol3,TRB,CDR1,31,6,5,6,W,S
2ol3,TRA,CDR3,99,3,8,3,S,Y
2ol3,TRB,CDR3,97,5,6,5,V,N
2ol3,TRB,CDR3,96,3,5,3,R,Y
2ol3,TRA,CDR3,96,3,5,3,Y,Y
2ol3,TRB,CDR3,97,3,6,3,V,Y
2ol3,TRB,CDR3,96,6,5,6,R,S
2ol3,TRA,CDR3,93,3,2,3,R,Y
2ol3,TRB,CDR3,95,6,4,6,D,S
2ol3,TRA,CDR3,97,3,6,3,G,Y
2ol3,TRB,CDR3,96,4,5,4,R,Y
2p5e,TRA,CDR3,94,4,4,4,L,W
2p5e,TRB,CDR3,93,6,4,6,L,T
2p5e,TRB,CDR1,27,5,3,5,E,I
2p5e,TRB,CDR3,97,4,8,4,G,W
2p5e,TRA,CDR3,93,3,3,3,P,M
2p5e,TRB,CDR3,94,4,5,4,G,W
2p5e,TRA,CDR3,97,3,7,3,G,M
2p5e,TRB,CDR3,94,6,5,6,G,T
2p5e,TRA,CDR3,92,4,2,4,R,W
2p5e,TRA,CDR1,30,4,4,4,Y,W
2p5e,TRA,CDR3,96,3,6,3,D,M
2p5e,TRA,CDR3,95,3,5,3,L,M
2p5e,TRA,CDR3,99,2,9,2,Y,L
2p5e,TRB,CDR3,92,7,3,7,Y,Q
2p5e,TRA,CDR3,99,4,9,4,Y,W
2p5e,TRB,CDR3,93,3,4,3,L,M
2p5e,TRB,CDR3,95,6,6,6,N,T
2p5e,TRB,CDR1,27,7,3,7,E,Q
2p5e,TRB,CDR3,93,4,4,4,L,W
2p5e,TRB,CDR1,25,7,1,7,N,Q
2p5e,TRA,CDR3,94,3,4,3,L,M
2p5e,TRA,CDR3,93,4,3,4,P,W
2p5e,TRA,CDR1,30,6,4,6,Y,T
2p5e,TRA,CDR3,99,3,9,3,Y,M
2p5e,TRB,CDR3,93,5,4,5,L,I
2p5e,TRB,CDR1,24,7,0,7,M,Q
2p5e,TRB,CDR3,94,5,5,5,G,I
2p5e,TRB,CDR3,95,5,6,5,N,I
2p5e,TRB,CDR3,92,4,3,4,Y,W
2p5e,TRA,CDR3,98,3,8,3,T,M
2p5w,TRA,CDR3,94,3,4,3,L,M
2p5w,TRB,CDR1,25,7,1,7,N,Q
2p5w,TRB,CDR3,94,4,5,4,G,W
2p5w,TRA,CDR1,30,6,4,6,Y,T
2p5w,TRB,CDR3,93,6,4,6,L,T
2p5w,TRA,CDR3,92,4,2,4,R,W
2p5w,TRB,CDR3,94,6,5,6,G,T
2p5w,TRA,CDR1,30,4,4,4,Y,W
2p5w,TRA,CDR3,99,4,9,4,Y,W
2p5w,TRA,CDR3,95,3,5,3,L,M
2p5w,TRB,CDR3,93,4,4,4,L,W
2p5w,TRA,CDR3,97,3,7,3,G,M
2p5w,TRA,CDR3,94,4,4,4,L,W
2p5w,TRB,CDR3,92,4,3,4,Y,W
2p5w,TRA,CDR3,99,3,9,3,Y,M
2p5w,TRB,CDR1,27,5,3,5,E,I
2p5w,TRA,CDR3,93,4,3,4,P,W
2p5w,TRA,CDR3,93,3,3,3,P,M
2p5w,TRB,CDR3,93,5,4,5,L,I
2p5w,TRA,CDR3,98,3,8,3,T,M
2p5w,TRA,CDR3,96,3,6,3,D,M
2p5w,TRB,CDR3,92,7,3,7,Y,Q
2p5w,TRB,CDR1,27,7,3,7,E,Q
2p5w,TRB,CDR3,97,4,8,4,G,W
2p5w,TRB,CDR3,95,5,6,5,N,I
2p5w,TRB,CDR3,95,6,6,6,N,T
2p5w,TRA,CDR3,99,2,9,2,Y,L
2p5w,TRB,CDR3,94,5,5,5,G,I
2p5w,TRB,CDR3,93,3,4,3,L,M
2p5w,TRB,CDR1,24,7,0,7,M,Q
2pye,TRB,CDR3,92,7,3,7,Y,Q
2pye,TRB,CDR1,27,5,3,5,E,I
2pye,TRB,CDR3,94,4,5,4,G,W
2pye,TRB,CDR3,94,6,5,6,G,T
2pye,TRA,CDR3,96,3,6,3,D,M
2pye,TRA,CDR3,99,4,9,4,Y,W
2pye,TRB,CDR1,25,7,1,7,N,Q
2pye,TRA,CDR1,30,4,4,4,Y,W
2pye,TRA,CDR3,95,3,5,3,L,M
2pye,TRA,CDR3,97,3,7,3,G,M
2pye,TRA,CDR3,99,3,9,3,Y,M
2pye,TRB,CDR3,92,4,3,4,Y,W
2pye,TRA,CDR3,98,3,8,3,T,M
2pye,TRB,CDR3,93,3,4,3,L,M
2pye,TRA,CDR3,93,3,3,3,P,M
2pye,TRB,CDR1,24,7,0,7,M,Q
2pye,TRB,CDR3,97,4,8,4,G,W
2pye,TRB,CDR1,27,7,3,7,E,Q
2pye,TRA,CDR3,94,3,4,3,L,M
2pye,TRB,CDR3,93,4,4,4,L,W
2pye,TRB,CDR3,93,5,4,5,L,I
2pye,TRB,CDR3,93,6,4,6,L,T
2pye,TRB,CDR3,94,5,5,5,G,I
2pye,TRA,CDR3,92,4,2,4,R,W
2pye,TRB,CDR3,95,5,6,5,N,I
2pye,TRA,CDR1,30,6,4,6,Y,T
2pye,TRA,CDR3,94,4,4,4,L,W
2pye,TRB,CDR3,95,6,6,6,N,T
2pye,TRA,CDR3,93,4,3,4,P,W
2uwe,TRB,CDR3,96,4,5,4,V,F
2uwe,TRB,CDR3,95,5,4,5,W,F
2uwe,TRA,CDR3,93,2,4,2,A,W
2uwe,TRB,CDR3,95,4,4,4,W,F
2uwe,TRA,CDR3,95,0,6,0,S,A
2uwe,TRA,CDR3,98,4,9,4,S,F
2uwe,TRA,CDR3,98,5,9,5,S,F
2uwe,TRA,CDR3,95,1,6,1,S,L
2uwe,TRA,CDR3,93,4,4,4,A,F
2uwe,TRA,CDR3,94,1,5,1,S,L
2uwe,TRA,CDR3,93,3,4,3,A,G
2uwe,TRA,CDR3,91,4,2,4,F,F
2uwe,TRA,CDR3,95,3,6,3,S,G
2uwe,TRA,CDR3,98,3,9,3,S,G
2uwe,TRB,CDR3,97,4,6,4,S,F
2uwe,TRB,CDR3,98,4,7,4,Y,F
2uwe,TRA,CDR3,97,5,8,5,F,F
2uwe,TRB,CDR1,30,5,4,5,Y,F
2uwe,TRA,CDR3,96,3,7,3,S,G
2uwe,TRA,CDR3,94,3,5,3,S,G
2uwe,TRA,CDR3,94,2,5,2,S,W
2uwe,TRB,CDR3,95,6,4,6,W,P
2uwe,TRA,CDR3,97,3,8,3,F,G
2uwe,TRB,CDR3,95,7,4,7,W,V
2vlj,TRA,CDR3,93,3,5,3,Q,G
2vlj,TRB,CDR3,94,4,5,4,S,F
2vlj,TRB,CDR2,47,4,1,4,Q,F
2vlj,TRA,CDR3,91,4,3,4,G,F
2vlj,TRA,CDR3,92,2,4,2,S,L
2vlj,TRA,CDR3,93,4,5,4,Q,F
2vlj,TRA,CDR3,94,3,6,3,G,G
2vlj,TRB,CDR2,47,3,1,3,Q,G
2vlj,TRB,CDR3,94,5,5,5,S,V
2vlj,TRB,CDR3,93,6,4,6,R,F
2vlj,TRB,CDR3,95,4,6,4,S,F
2vlj,TRB,CDR1,27,7,3,7,D,T
2vlj,TRA,CDR3,94,4,6,4,G,F
2vlj,TRA,CDR3,92,4,4,4,S,F
2vlj,TRB,CDR3,93,4,4,4,R,F
2vlj,TRB,CDR2,47,5,1,5,Q,V
2vlj,TRB,CDR2,48,7,2,7,I,T
2vlj,TRB,CDR2,48,5,2,5,I,V
2vlj,TRA,CDR3,92,3,4,3,S,G
2vlk,TRA,CDR3,91,4,3,4,G,F
2vlk,TRB,CDR2,47,3,1,3,Q,G
2vlk,TRB,CDR2,47,4,1,4,Q,F
2vlk,TRB,CDR3,93,5,4,5,R,V
2vlk,TRB,CDR3,95,4,6,4,S,F
2vlk,TRA,CDR3,93,3,5,3,Q,G
2vlk,TRA,CDR3,94,3,6,3,G,G
2vlk,TRB,CDR2,48,5,2,5,I,V
2vlk,TRB,CDR3,94,5,5,5,S,V
2vlk,TRB,CDR3,94,4,5,4,S,F
2vlk,TRB,CDR2,48,7,2,7,I,T
2vlk,TRB,CDR2,47,5,1,5,Q,V
2vlk,TRB,CDR3,93,6,4,6,R,F
2vlk,TRA,CDR3,92,3,4,3,S,G
2vlk,TRB,CDR3,93,4,4,4,R,F
2vlk,TRA,CDR3,92,4,4,4,S,F
2vlk,TRA,CDR3,94,4,6,4,G,F
2vlk,TRB,CDR1,27,7,3,7,D,T
2vlk,TRA,CDR3,93,4,5,4,Q,F
2vlr,TRB,CDR1,27,7,3,7,D,T
2vlr,TRB,CDR3,94,5,5,5,A,V
2vlr,TRB,CDR3,93,4,4,4,R,F
2vlr,TRB,CDR3,95,4,6,4,S,F
2vlr,TRB,CDR2,47,5,1,5,Q,V
2vlr,TRA,CDR3,93,3,5,3,Q,G
2vlr,TRA,CDR3,94,4,6,4,G,F
2vlr,TRA,CDR3,91,4,3,4,G,F
2vlr,TRA,CDR3,92,4,4,4,S,F
2vlr,TRB,CDR2,48,5,2,5,I,V
2vlr,TRA,CDR3,92,3,4,3,S,G
2vlr,TRB,CDR2,48,7,2,7,I,T
2vlr,TRA,CDR3,93,4,5,4,Q,F
2vlr,TRB,CDR2,47,3,1,3,Q,G
2vlr,TRB,CDR3,93,5,4,5,R,V
2vlr,TRA,CDR3,94,3,6,3,G,G
2vlr,TRB,CDR2,47,4,1,4,Q,F
2vlr,TRB,CDR3,93,6,4,6,R,F
2vlr,TRB,CDR3,94,4,5,4,A,F
2ypl,TRA,CDR3,91,3,3,3,G,S
2ypl,TRA,CDR1,29,2,5,2,Y,F
2ypl,TRA,CDR1,29,5,5,5,Y,E
2ypl,TRA,CDR3,92,3,4,3,G,S
2ypl,TRA,CDR3,92,5,4,5,G,E
2ypl,TRA,CDR3,93,4,5,4,Y,P
2ypl,TRA,CDR3,93,3,5,3,Y,S
2ypl,TRA,CDR1,26,0,2,0,S,K
2ypl,TRA,FR2,31,5,1,5,Y,E
2ypl,TRA,CDR3,91,5,3,5,G,E
2ypl,TRA,CDR3,93,5,5,5,Y,E
2ypl,TRB,CDR3,94,5,5,5,Y,E
2ypl,TRA,CDR3,92,4,4,4,G,P
2ypl,TRA,CDR3,90,5,2,5,S,E
2ypl,TRB,CDR1,27,9,3,9,D,M
2ypl,TRA,CDR3,94,6,6,6,Q,V
2ypl,TRA,CDR1,29,4,5,4,Y,P
2ypl,TRA,CDR3,95,5,7,5,K,E
2ypl,TRA,CDR3,94,5,6,5,Q,E
2ypl,TRA,CDR1,29,3,5,3,Y,S
2ypl,TRB,CDR3,94,6,5,6,Y,V
2ypl,TRB,CDR3,93,6,4,6,S,V
2ypl,TRA,CDR3,93,7,5,7,Y,I
3d39,TRB,CDR3,99,5,8,5,G,V
3d39,TRA,CDR1,29,3,4,3,Q,G
3d39,TRA,CDR3,91,3,3,3,T,G
3d39,TRB,CDR3,96,5,5,5,L,V
3d39,TRB,CDR1,29,6,3,6,E,Y
3d39,TRB,CDR3,97,5,6,5,A,V
3d39,TRB,CDR3,98,5,7,5,G,V
3d39,TRA,CDR1,27,0,2,0,G,L
3d39,TRB,CDR3,96,6,5,6,L,Y
3d39,TRA,CDR3,92,3,4,3,D,G
3d39,TRB,CDR3,95,4,4,4,G,P
3d39,TRA,CDR1,29,0,4,0,Q,L
3d39,TRA,CDR1,29,2,4,2,Q,F
3d39,TRA,CDR1,29,1,4,1,Q,L
3d39,TRA,CDR3,93,3,5,3,S,G
3d39,TRB,CDR3,97,6,6,6,A,Y
3d39,TRB,CDR3,96,4,5,4,L,P
3d39,TRA,CDR3,93,4,5,4,S,P
3d3v,TRA,CDR3,92,3,4,3,D,G
3d3v,TRA,CDR1,29,3,4,3,Q,G
3d3v,TRA,CDR1,27,0,2,0,G,L
3d3v,TRB,CDR3,96,4,5,4,L,P
3d3v,TRA,CDR3,91,3,3,3,T,G
3d3v,TRB,CDR1,29,6,3,6,E,Y
3d3v,TRB,CDR3,98,5,7,5,G,V
3d3v,TRA,CDR1,29,2,4,2,Q,F
3d3v,TRB,CDR3,97,5,6,5,A,V
3d3v,TRA,CDR1,29,0,4,0,Q,L
3d3v,TRB,CDR3,97,6,6,6,A,Y
3d3v,TRA,CDR1,29,1,4,1,Q,L
3d3v,TRB,CDR3,95,4,4,4,G,P
3d3v,TRA,CDR3,93,3,5,3,S,G
3d3v,TRB,CDR3,96,5,5,5,L,V
3d3v,TRA,CDR3,93,4,5,4,S,P
3d3v,TRB,CDR3,96,6,5,6,L,Y
3dxa,TRA,FR2,32,6,1,6,Y,F
3dxa,TRA,CDR3,90,3,3,3,G,L
3dxa,TRB,CDR3,96,6,5,6,D,F
3dxa,TRB,CDR1,29,8,4,8,R,R
3dxa,TRB,CDR1,28,8,3,8,N,R
3dxa,TRA,CDR3,91,4,4,4,G,L
3dxa,TRB,CDR3,96,8,5,8,D,R
3dxa,TRB,CDR3,93,8,2,8,R,R
3dxa,TRB,CDR3,97,8,6,8,D,R
3dxa,TRA,CDR3,92,3,5,3,Y,L
3dxa,TRB,CDR3,93,6,2,6,R,F
3dxa,TRA,CDR3,91,5,4,5,G,D
3dxa,TRA,CDR3,89,4,2,4,W,L
3dxa,TRA,CDR1,28,2,4,2,N,N
3dxa,TRB,CDR3,99,6,8,6,Y,F
3dxa,TRA,CDR3,92,4,5,4,Y,L
3dxa,TRB,CDR3,93,5,2,5,R,D
3dxa,TRA,CDR1,30,6,6,6,Y,F
3dxa,TRA,CDR3,91,3,4,3,G,L
3dxa,TRA,CDR3,89,5,2,5,W,D
3dxa,TRB,CDR3,100,6,9,6,N,F
3dxa,TRB,CDR1,29,5,4,5,R,D
3dxa,TRA,CDR1,30,4,6,4,Y,L
3dxa,TRB,CDR3,95,8,4,8,R,R
3dxa,TRA,CDR3,89,6,2,6,W,F
3dxa,TRB,CDR1,29,6,4,6,R,F
3dxa,TRA,CDR3,92,5,5,5,Y,D
3dxa,TRB,CDR3,97,6,6,6,D,F
3dxa,TRB,CDR3,98,6,7,6,S,F
3dxa,TRA,CDR3,90,4,3,4,G,L
3dxa,TRB,CDR3,96,7,5,7,D,V
3dxa,TRB,CDR3,94,8,3,8,Y,R
3e2h,TRA,CDR3,94,4,5,4,R,F
3e2h,TRB,CDR3,95,6,5,6,G,F
3e2h,TRB,CDR1,28,7,3,7,N,D
3e2h,TRB,CDR3,93,7,3,7,G,D
3e2h,TRB,CDR1,27,7,2,7,H,D
3e2h,TRB,CDR1,28,8,3,8,N,L
3e2h,TRB,CDR3,92,7,2,7,G,D
3e2h,TRA,CDR3,94,3,5,3,R,P
3e2h,TRA,CDR2,48,6,1,6,Y,F
3e2h,TRB,CDR1,29,7,4,7,N,D
3e2h,TRB,CDR3,93,6,3,6,G,F
3e2h,TRA,CDR1,29,3,5,3,Y,P
3e2h,TRB,CDR1,29,4,4,4,N,F
3e2h,TRB,CDR2,48,4,1,4,Y,F
3e2h,TRA,CDR3,95,4,6,4,P,F
3e2h,TRB,CDR3,94,7,4,7,G,D
3e2h,TRA,CDR3,94,2,5,2,R,S
3e2h,TRB,CDR3,94,6,4,6,G,F
3e3q,TRB,CDR3,95,6,4,6,G,F
3e3q,TRB,CDR3,96,6,5,6,G,F
3e3q,TRB,CDR3,95,7,4,7,G,D
3e3q,TRA,CDR3,95,4,6,4,P,F
3e3q,TRA,CDR3,94,3,5,3,P,P
3e3q,TRA,CDR3,94,4,5,4,P,F
3e3q,TRB,CDR1,29,7,3,7,N,D
3e3q,TRB,CDR3,95,5,4,5,G,P
3e3q,TRB,CDR1,27,7,1,7,N,D
3e3q,TRB,CDR1,28,7,2,7,H,D
3e3q,TRB,CDR1,30,4,4,4,N,F
3e3q,TRA,CDR1,29,3,5,3,Y,P
3e3q,TRB,CDR3,93,7,2,7,G,D
3e3q,TRB,CDR3,94,6,3,6,G,F
3e3q,TRB,CDR2,49,4,1,4,Y,F
3e3q,TRA,CDR2,48,6,1,6,Y,F
3e3q,TRB,CDR1,30,7,4,7,N,D
3e3q,TRB,CDR3,94,7,3,7,G,D
3ffc,TRB,CDR2,48,5,2,5,N,A
3ffc,TRB,CDR3,93,5,3,5,F,A
3ffc,TRB,CDR2,47,5,1,5,Q,A
3ffc,TRB,CDR1,27,6,3,6,A,Y
3ffc,TRB,CDR1,28,5,4,5,T,A
3ffc,TRB,CDR1,26,6,2,6,H,Y
3ffc,TRB,CDR3,93,6,3,6,F,Y
3ffc,TRB,CDR3,96,0,6,0,T,F
3ffc,TRB,CDR1,27,5,3,5,A,A
3ffc,TRB,CDR3,96,3,6,3,T,G
3ffc,TRA,CDR3,94,0,4,0,D,F
3ffc,TRB,CDR3,94,5,4,5,T,A
3ffc,TRB,CDR1,25,6,1,6,G,Y
3ffc,TRB,CDR2,47,4,1,4,Q,R
3ffc,TRB,CDR3,96,2,6,2,T,R
3ffc,TRA,CDR3,95,0,5,0,T,F
3ffc,TRB,CDR3,92,6,2,6,S,Y
3ffc,TRB,CDR3,94,6,4,6,T,Y
3gsn,TRA,CDR1,29,4,4,4,Y,M
3gsn,TRB,CDR3,94,5,5,5,T,V
3gsn,TRB,CDR3,95,7,6,7,G,T
3gsn,TRA,CDR1,29,3,4,3,Y,P
3gsn,TRB,CDR3,95,5,6,5,G,V
3gsn,TRA,CDR3,96,4,7,4,F,M
3gsn,TRA,CDR1,27,3,2,3,N,P
3gsn,TRB,CDR3,94,7,5,7,T,T
3gsn,TRA,CDR3,91,4,2,4,N,M
3gsn,TRA,CDR1,28,3,3,3,F,P
3gsn,TRB,CDR3,95,4,6,4,G,M
3gsn,TRA,CDR3,93,3,4,3,G,P
3gsn,TRB,CDR3,95,6,6,6,G,A
3gsn,TRB,CDR1,27,7,3,7,E,T
3gsn,TRB,CDR3,96,6,7,6,G,A
3gsn,TRA,CDR3,93,4,4,4,G,M
3gsn,TRB,CDR3,93,7,4,7,V,T
3gsn,TRA,CDR1,27,0,2,0,N,N
3gsn,TRB,CDR1,27,8,3,8,E,V
3gsn,TRA,CDR3,94,5,5,5,N,V
3gsn,TRB,CDR3,97,4,8,4,I,M
3gsn,TRB,CDR3,94,6,5,6,T,A
3gsn,TRA,CDR3,91,3,2,3,N,P
3gsn,TRA,CDR3,94,4,5,4,N,M
3gsn,TRB,CDR3,96,4,7,4,G,M
3gsn,TRA,CDR1,29,2,4,2,Y,V
3h9s,TRA,CDR1,29,0,4,0,Q,M
3h9s,TRA,CDR3,93,3,5,3,S,G
3h9s,TRA,CDR1,29,2,4,2,Q,W
3h9s,TRA,CDR1,29,4,4,4,Q,Y
3h9s,TRA,CDR3,91,3,3,3,T,G
3h9s,TRA,CDR1,27,0,2,0,G,M
3h9s,TRB,CDR3,98,4,7,4,G,Y
3h9s,TRA,CDR3,93,5,5,5,S,L
3h9s,TRB,CDR3,98,6,7,6,G,Q
3h9s,TRB,CDR3,96,5,5,5,L,L
3h9s,TRB,CDR3,99,6,8,6,G,Q
3h9s,TRB,CDR3,99,4,8,4,G,Y
3h9s,TRA,CDR3,92,3,4,3,D,G
3h9s,TRB,CDR3,101,4,10,4,P,Y
3h9s,TRA,CDR3,93,4,5,4,S,Y
3h9s,TRA,CDR1,29,3,4,3,Q,G
3h9s,TRB,CDR3,96,7,5,7,L,Y
3h9s,TRB,CDR3,96,6,5,6,L,Q
3h9s,TRA,CDR1,29,1,4,1,Q,L
3h9s,TRB,CDR3,97,7,6,7,A,Y
3h9s,TRB,CDR1,29,7,3,7,E,Y
3h9s,TRB,CDR3,97,6,6,6,A,Q
3hg1,TRB,CDR3,95,7,4,7,T,L
3hg1,TRB,CDR3,96,6,5,6,G,I
3hg1,TRB,CDR3,97,6,6,6,L,I
3hg1,TRA,CDR1,29,1,4,1,Q,L
3hg1,TRA,CDR2,49,4,1,4,Y,I
3hg1,TRB,CDR3,97,3,6,3,L,G
3hg1,TRA,CDR3,90,3,2,3,N,G
3hg1,TRA,CDR3,90,4,2,4,N,I
3hg1,TRB,CDR3,99,5,8,5,T,G
3hg1,TRB,CDR3,98,5,7,5,G,G
3hg1,TRB,CDR3,98,4,7,4,G,I
3hg1,TRB,CDR3,99,4,8,4,T,I
3hg1,TRA,CDR1,29,4,4,4,Q,I
3hg1,TRB,CDR3,98,3,7,3,G,G
3hg1,TRB,CDR3,97,5,6,5,L,G
3hg1,TRB,CDR3,97,4,6,4,L,I
3hg1,TRB,CDR3,97,2,6,2,L,A
3hg1,TRB,CDR3,98,7,7,7,G,L
3hg1,TRA,CDR1,27,0,2,0,G,E
3hg1,TRB,CDR3,98,6,7,6,G,I
3hg1,TRB,CDR3,97,7,6,7,L,L
3hg1,TRB,CDR3,100,4,9,4,G,I
3hg1,TRB,CDR3,95,6,4,6,T,I
3hg1,TRA,CDR1,29,3,4,3,Q,G
3hg1,TRA,CDR1,30,4,5,4,S,I
3hg1,TRB,CDR3,95,8,4,8,T,T
3hg1,TRA,CDR1,29,2,4,2,Q,A
3hg1,TRA,CDR1,29,0,4,0,Q,E
3kpr,TRA,CDR3,93,3,7,3,T,L
3kpr,TRA,CDR3,95,3,9,3,Y,L
3kpr,TRB,CDR3,96,5,6,5,A,A
3kpr,TRA,CDR1,29,6,6,6,Y,W
3kpr,TRB,CDR3,94,7,4,7,G,T
3kpr,TRB,CDR3,93,8,3,8,L,F
3kpr,TRB,CDR3,97,6,7,6,Y,W
3kpr,TRA,CDR3,89,3,3,3,L,L
3kpr,TRA,FR2,46,6,16,6,H,W
3kpr,TRB,CDR3,95,7,5,7,Q,T
3kpr,TRA,CDR3,94,3,8,3,S,L
3kpr,TRA,CDR1,27,3,4,3,T,L
3kpr,TRB,CDR3,96,6,6,6,A,W
3kpr,TRA,CDR3,92,3,6,3,G,L
3kpr,TRB,CDR3,97,8,7,8,Y,F
3kpr,TRA,CDR1,27,2,4,2,T,Y
3kpr,TRA,CDR3,95,5,9,5,Y,A
3kpr,TRA,CDR3,89,5,3,5,L,A
3kpr,TRB,CDR3,97,7,7,7,Y,T
3kpr,TRB,CDR3,95,5,5,5,Q,A
3kpr,TRA,FR2,31,6,1,6,H,W
3kpr,TRA,CDR3,94,5,8,5,S,A
3kps,TRB,CDR3,97,6,7,6,Y,F
3kps,TRB,CDR3,94,7,4,7,G,T
3kps,TRA,CDR3,93,3,7,3,T,L
3kps,TRA,CDR3,95,3,9,3,Y,L
3kps,TRA,CDR1,29,6,6,6,Y,F
3kps,TRB,CDR3,95,5,5,5,Q,A
3kps,TRA,CDR3,94,5,8,5,S,A
3kps,TRA,CDR3,94,3,8,3,S,L
3kps,TRB,CDR3,97,8,7,8,Y,Y
3kps,TRA,CDR1,29,4,6,4,Y,Q
3kps,TRB,CDR3,96,5,6,5,A,A
3kps,TRA,CDR3,89,3,3,3,L,L
3kps,TRB,CDR3,97,7,7,7,Y,T
3kps,TRA,CDR3,95,5,9,5,Y,A
3kps,TRA,FR2,46,6,16,6,H,F
3kps,TRB,CDR3,95,7,5,7,Q,T
3kps,TRA,FR2,31,6,1,6,H,F
3kps,TRA,CDR1,27,2,4,2,T,Y
3kps,TRB,CDR3,96,6,6,6,A,F
3kps,TRA,CDR3,89,5,3,5,L,A
3kps,TRA,CDR3,92,3,6,3,G,L
3mv7,TRA,CDR3,91,1,5,1,G,P
3mv7,TRB,CDR2,49,6,1,6,Y,D
3mv7,TRA,CDR3,90,1,4,1,L,P
3mv7,TRA,CDR3,93,4,7,4,S,E
3mv7,TRA,CDR3,92,3,6,3,T,G
3mv7,TRA,CDR1,28,4,4,4,R,E
3mv7,TRA,CDR1,28,8,4,8,R,F
3mv7,TRB,CDR2,49,9,1,9,Y,E
3mv7,TRB,CDR1,27,7,1,7,G,Y
3mv7,TRB,FR2,32,6,1,6,Y,D
3mv7,TRA,CDR3,93,5,7,5,S,A
3mv7,TRA,CDR3,90,3,4,3,L,G
3mv7,TRB,CDR3,93,7,2,7,S,Y
3mv7,TRB,CDR3,95,7,4,7,R,Y
3mv7,TRB,CDR1,28,7,2,7,D,Y
3mv7,TRA,CDR1,28,3,4,3,R,G
3mv7,TRA,CDR3,94,4,8,4,G,E
3mv7,TRA,CDR3,95,6,9,6,S,D
3mv7,TRB,CDR2,49,7,1,7,Y,Y
3mv7,TRA,CDR3,91,3,5,3,G,G
3mv7,TRA,CDR3,95,5,9,5,S,A
3mv7,TRB,FR2,47,6,16,6,Q,D
3mv7,TRB,CDR1,29,7,3,7,L,Y
3mv7,TRB,CDR3,93,6,2,6,S,D
3mv7,TRB,CDR3,95,6,4,6,R,D
3mv7,TRA,CDR3,94,5,8,5,G,A
3mv7,TRB,CDR1,30,7,4,7,S,Y
3mv7,TRA,CDR3,94,6,8,6,G,D
3mv7,TRB,CDR3,94,7,3,7,A,Y
3mv7,TRA,CDR3,90,2,4,2,L,V
3mv7,TRB,CDR1,30,6,4,6,S,D
3mv7,TRB,FR3,54,9,0,9,R,E
3mv7,TRA,CDR3,91,0,5,0,G,H
3mv7,TRA,CDR3,92,4,6,4,T,E
3mv7,TRA,CDR3,93,3,7,3,S,G
3mv7,TRA,CDR1,28,5,4,5,R,A
3mv8,TRB,CDR3,95,7,4,7,R,Y
3mv8,TRA,CDR3,93,4,7,4,S,E
3mv8,TRA,CDR3,93,5,7,5,S,A
3mv8,TRB,CDR1,28,7,2,7,D,Y
3mv8,TRA,CDR3,94,5,8,5,G,A
3mv8,TRA,CDR1,28,4,4,4,R,E
3mv8,TRB,CDR3,95,6,4,6,R,D
3mv8,TRB,CDR1,27,7,1,7,G,Y
3mv8,TRA,CDR3,91,3,5,3,G,G
3mv8,TRA,CDR3,93,3,7,3,S,G
3mv8,TRB,CDR1,29,7,3,7,L,Y
3mv8,TRA,CDR1,28,5,4,5,R,A
3mv8,TRB,CDR2,49,9,1,9,Y,E
3mv8,TRA,CDR1,28,3,4,3,R,G
3mv8,TRB,CDR1,30,6,4,6,S,D
3mv8,TRB,FR3,54,9,0,9,R,E
3mv8,TRB,CDR2,49,6,1,6,Y,D
3mv8,TRA,CDR3,95,5,9,5,S,A
3mv8,TRA,CDR1,28,8,4,8,R,F
3mv8,TRA,CDR3,91,0,5,0,G,H
3mv8,TRA,CDR3,90,3,4,3,L,G
3mv8,TRA,CDR3,94,4,8,4,G,E
3mv8,TRB,CDR2,49,7,1,7,Y,Y
3mv8,TRB,CDR3,93,7,2,7,S,Y
3mv8,TRB,FR2,32,6,1,6,Y,D
3mv8,TRA,CDR3,90,1,4,1,L,P
3mv8,TRA,CDR3,90,2,4,2,L,V
3mv8,TRB,CDR3,93,6,2,6,S,D
3mv8,TRA,CDR3,92,3,6,3,T,G
3mv8,TRA,CDR3,95,6,9,6,S,D
3mv8,TRB,FR2,47,6,16,6,H,D
3mv8,TRA,CDR3,94,6,8,6,G,D
3mv8,TRA,CDR3,92,4,6,4,T,E
3mv8,TRB,CDR3,94,7,3,7,A,Y
3mv8,TRB,CDR1,30,7,4,7,S,Y
3mv9,TRA,CDR1,28,3,4,3,R,G
3mv9,TRB,CDR1,30,7,4,7,S,Y
3mv9,TRB,FR3,54,9,0,9,R,E
3mv9,TRA,CDR3,91,3,5,3,G,G
3mv9,TRA,CDR3,95,5,9,5,S,A
3mv9,TRB,CDR3,93,6,2,6,S,D
3mv9,TRA,CDR3,90,3,4,3,L,G
3mv9,TRA,CDR3,94,4,8,4,G,E
3mv9,TRA,CDR1,28,8,4,8,R,F
3mv9,TRB,CDR3,95,6,4,6,R,D
3mv9,TRB,CDR3,94,7,3,7,A,Y
3mv9,TRB,CDR1,28,7,2,7,D,Y
3mv9,TRB,CDR3,93,7,2,7,S,Y
3mv9,TRA,CDR3,94,6,8,6,G,D
3mv9,TRB,CDR2,49,9,1,9,Y,E
3mv9,TRA,CDR3,91,0,5,0,G,H
3mv9,TRA,CDR1,28,5,4,5,R,A
3mv9,TRB,CDR3,95,7,4,7,R,Y
3mv9,TRA,CDR3,90,2,4,2,L,V
3mv9,TRB,CDR2,49,6,1,6,Y,D
3mv9,TRA,CDR3,95,6,9,6,S,D
3mv9,TRA,CDR3,93,4,7,4,S,E
3mv9,TRA,CDR1,28,4,4,4,R,E
3mv9,TRA,CDR3,93,5,7,5,S,A
3mv9,TRA,CDR3,92,3,6,3,T,G
3mv9,TRB,CDR1,27,7,1,7,G,Y
3mv9,TRA,CDR3,92,4,6,4,T,E
3mv9,TRB,CDR1,29,7,3,7,L,Y
3mv9,TRA,CDR3,90,1,4,1,L,P
3mv9,TRB,CDR2,49,7,1,7,Y,Y
3mv9,TRB,FR2,32,6,1,6,Y,D
3mv9,TRA,CDR3,91,1,5,1,G,P
3mv9,TRA,CDR3,93,3,7,3,S,G
3mv9,TRB,FR3,54,6,0,6,R,D
3mv9,TRB,CDR1,30,6,4,6,S,D
3mv9,TRA,CDR3,94,5,8,5,G,A
3o4l,TRA,CDR3,89,3,5,3,A,T
3o4l,TRB,CDR3,100,6,6,6,G,A
3o4l,TRB,CDR3,96,3,2,3,R,T
3o4l,TRB,CDR3,101,4,7,4,N,L
3o4l,TRB,CDR3,101,5,7,5,N,V
3o4l,TRA,CDR3,89,5,5,5,A,V
3o4l,TRA,CDR1,25,4,5,4,Y,L
3o4l,TRB,CDR3,99,5,5,5,T,V
3o4l,TRA,CDR3,86,4,2,4,D,L
3o4l,TRB,CDR3,99,7,5,7,T,M
3o4l,TRA,CDR3,86,3,2,3,D,T
3o4l,TRA,CDR3,88,3,4,3,N,T
3o4l,TRB,CDR1,30,7,4,7,T,M
3o4l,TRB,CDR3,98,7,4,7,G,M
3o4l,TRB,CDR3,100,7,6,7,G,M
3o4l,TRA,CDR1,25,2,5,2,Y,C
3o4l,TRA,CDR1,25,3,5,3,Y,T
3o4l,TRB,CDR3,101,6,7,6,N,A
3o4l,TRB,CDR3,97,7,3,7,D,M
3o4l,TRA,CDR3,87,3,3,3,N,T
3o4l,TRB,CDR3,96,5,2,5,R,V
3o4l,TRB,CDR3,99,6,5,6,T,A
3o4l,TRB,CDR3,100,5,6,5,G,V
3pqy,TRA,CDR3,90,5,4,5,G,F
3pqy,TRB,CDR3,95,6,4,6,G,R
3pqy,TRA,CDR3,91,4,5,4,S,N
3pqy,TRA,CDR3,93,6,7,6,Y,R
3pqy,TRA,CDR3,91,5,5,5,S,F
3pqy,TRB,CDR3,95,7,4,7,G,A
3pqy,TRA,CDR1,29,6,6,6,Y,R
3pqy,TRA,CDR1,29,5,6,5,Y,F
3pqy,TRA,CDR3,93,8,7,8,Y,Y
3pqy,TRB,CDR1,29,8,3,8,E,Y
3pqy,TRA,CDR3,89,6,3,6,G,R
3pqy,TRB,CDR1,29,9,3,9,E,V
3pqy,TRA,CDR3,88,6,2,6,S,R
3pqy,TRB,CDR1,30,8,4,8,T,Y
3pqy,TRB,CDR3,96,6,5,6,R,R
3pqy,TRB,CDR3,94,8,3,8,F,Y
3pqy,TRB,CDR3,94,7,3,7,F,A
3pqy,TRA,CDR3,93,7,7,7,Y,A
3pqy,TRA,CDR3,90,4,4,4,G,N
3pqy,TRA,CDR3,90,6,4,6,G,R
3pqy,TRB,CDR2,49,8,1,8,Y,Y
3pqy,TRA,CDR3,91,3,5,3,S,E
3pqy,TRA,CDR3,91,6,5,6,S,R
3pqy,TRA,CDR3,92,6,6,6,N,R
3pqy,TRA,FR2,31,6,1,6,Y,R
3pqy,TRB,CDR3,95,5,4,5,G,F
3pwp,TRA,CDR3,91,4,3,4,T,F
3pwp,TRA,CDR3,93,5,5,5,S,V
3pwp,TRA,CDR1,29,3,4,3,Q,G
3pwp,TRA,CDR3,92,3,4,3,D,G
3pwp,TRA,CDR1,29,0,4,0,Q,L
3pwp,TRB,CDR1,29,7,3,7,E,Y
3pwp,TRA,CDR1,29,2,4,2,Q,Y
3pwp,TRB,CDR3,96,6,5,6,L,N
3pwp,TRA,CDR3,90,4,2,4,T,F
3pwp,TRA,CDR3,92,4,4,4,D,F
3pwp,TRB,CDR3,101,4,10,4,P,F
3pwp,TRA,CDR3,91,3,3,3,T,G
3pwp,TRA,CDR3,93,4,5,4,S,F
3pwp,TRB,CDR3,97,7,6,7,A,Y
3pwp,TRA,CDR3,93,3,5,3,S,G
3pwp,TRA,CDR1,29,1,4,1,Q,G
3pwp,TRB,CDR3,98,6,7,6,G,N
3pwp,TRB,CDR3,96,7,5,7,L,Y
3pwp,TRA,CDR1,27,0,2,0,G,L
3pwp,TRA,CDR1,30,4,5,4,S,F
3pwp,TRA,CDR1,29,4,4,4,Q,F
3pwp,TRB,CDR3,96,5,5,5,L,V
3qdg,TRB,CDR1,29,7,3,7,N,L
3qdg,TRB,CDR2,50,8,2,8,T,T
3qdg,TRB,CDR3,96,3,5,3,F,G
3qdg,TRA,CDR1,27,0,2,0,G,E
3qdg,TRB,CDR3,96,6,5,6,F,I
3qdg,TRB,CDR1,29,8,3,8,N,T
3qdg,TRB,CDR3,95,7,4,7,S,L
3qdg,TRA,CDR1,29,4,4,4,Q,I
3qdg,TRA,CDR3,90,3,2,3,N,G
3qdg,TRA,CDR1,29,0,4,0,Q,E
3qdg,TRB,CDR3,95,6,4,6,S,I
3qdg,TRA,CDR1,29,1,4,1,Q,L
3qdg,TRB,CDR3,96,2,5,2,F,A
3qdg,TRA,CDR1,30,3,5,3,S,G
3qdg,TRA,CDR1,30,4,5,4,S,I
3qdg,TRA,CDR3,92,3,4,3,G,G
3qdg,TRB,CDR3,98,4,7,4,T,I
3qdg,TRB,CDR3,94,7,3,7,L,L
3qdg,TRA,CDR1,29,2,4,2,Q,A
3qdg,TRB,CDR3,96,4,5,4,F,I
3qdg,TRA,CDR1,29,3,4,3,Q,G
3qdg,TRA,CDR2,49,4,1,4,Y,I
3qdg,TRB,CDR3,97,4,6,4,G,I
3qdg,TRB,CDR3,97,3,6,3,G,G
3qdj,TRB,CDR2,50,7,2,7,T,T
3qdj,TRB,CDR3,94,6,3,6,L,L
3qdj,TRB,CDR3,95,5,4,5,S,I
3qdj,TRA,CDR1,29,3,4,3,Q,I
3qdj,TRA,CDR3,90,3,2,3,N,I
3qdj,TRB,CDR3,97,3,6,3,G,I
3qdj,TRB,CDR1,29,6,3,6,N,L
3qdj,TRB,CDR3,96,5,5,5,F,I
3qdj,TRA,CDR1,29,2,4,2,Q,G
3qdj,TRB,CDR3,96,3,5,3,F,I
3qdj,TRB,CDR3,96,2,5,2,F,G
3qdj,TRA,CDR1,30,3,5,3,S,I
3qdj,TRA,CDR1,29,0,4,0,Q,A
3qdj,TRA,CDR3,92,3,4,3,G,I
3qdj,TRB,CDR1,29,7,3,7,N,T
3qdj,TRA,CDR1,29,1,4,1,Q,A
3qdj,TRB,CDR3,95,6,4,6,S,L
3qdm,TRB,CDR3,95,7,5,7,G,L
3qdm,TRA,CDR3,91,3,4,3,G,G
3qdm,TRB,CDR3,96,3,6,3,V,G
3qdm,TRB,CDR3,95,6,5,6,G,I
3qdm,TRA,FR3,66,0,13,0,R,E
3qdm,TRB,CDR3,93,7,3,7,E,L
3qdm,TRA,CDR1,28,4,4,4,T,I
3qdm,TRB,CDR3,96,5,6,5,V,G
3qdm,TRB,CDR3,96,4,6,4,V,I
3qdm,TRB,CDR3,94,7,4,7,V,L
3qdm,TRB,CDR3,97,4,7,4,G,I
3qdm,TRB,CDR3,96,6,6,6,V,I
3qdm,TRB,CDR3,94,8,4,8,V,T
3qdm,TRB,CDR3,98,7,8,7,Q,L
3qdm,TRA,CDR1,27,0,3,0,N,E
3qdm,TRA,CDR1,27,3,3,3,N,G
3qdm,TRB,CDR3,98,6,8,6,Q,I
3qdm,TRB,CDR3,96,7,6,7,V,L
3qdm,TRA,CDR1,27,4,3,4,N,I
3qdm,TRB,CDR3,98,5,8,5,Q,G
3qdm,TRA,CDR2,47,4,1,4,Y,I
3qdm,TRB,CDR3,95,8,5,8,G,T
3qdm,TRB,CDR3,97,3,7,3,G,G
3qdm,TRB,CDR3,94,6,4,6,V,I
3qdm,TRA,CDR1,28,3,4,3,T,G
3qdm,TRB,CDR3,96,2,6,2,V,A
3qeq,TRB,CDR3,97,4,6,4,V,G
3qeq,TRB,CDR3,98,3,7,3,G,I
3qeq,TRB,CDR3,97,2,6,2,V,G
3qeq,TRB,CDR3,96,5,5,5,G,I
3qeq,TRB,CDR3,95,7,4,7,V,T
3qeq,TRA,CDR3,92,3,5,3,N,I
3qeq,TRB,CDR3,95,5,4,5,V,I
3qeq,TRB,CDR3,96,7,5,7,G,T
3qeq,TRB,CDR3,99,6,8,6,Q,L
3qeq,TRA,CDR1,27,3,3,3,N,I
3qeq,TRA,CDR3,90,3,3,3,T,I
3qeq,TRA,CDR3,89,3,2,3,G,I
3qeq,TRA,CDR3,91,3,4,3,G,I
3qeq,TRB,CDR3,95,6,4,6,V,L
3qeq,TRB,CDR3,99,5,8,5,Q,I
3qeq,TRB,CDR3,97,3,6,3,V,I
3qeq,TRB,CDR3,97,5,6,5,V,I
3qeq,TRB,CDR3,99,4,8,4,Q,G
3qeq,TRB,CDR3,94,6,3,6,E,L
3qeq,TRB,CDR3,96,6,5,6,G,L
3qeq,TRB,CDR3,97,6,6,6,V,L
3qfj,TRB,CDR3,96,5,5,5,L,P
3qfj,TRA,CDR1,27,0,2,0,G,L
3qfj,TRA,CDR1,29,1,4,1,Q,L
3qfj,TRA,CDR3,93,3,5,3,S,G
3qfj,TRA,CDR3,91,4,3,4,T,F
3qfj,TRA,CDR3,93,4,5,4,S,F
3qfj,TRB,CDR3,95,5,4,5,G,P
3qfj,TRB,CDR3,101,4,10,4,P,F
3qfj,TRB,CDR3,96,7,5,7,L,Y
3qfj,TRA,CDR3,91,3,3,3,T,G
3qfj,TRA,CDR3,93,5,5,5,S,P
3qfj,TRA,CDR3,92,4,4,4,D,F
3qfj,TRA,CDR1,29,3,4,3,Q,G
3qfj,TRA,CDR1,29,0,4,0,Q,L
3qfj,TRA,CDR1,29,4,4,4,Q,F
3qfj,TRA,CDR1,30,4,5,4,S,F
3qfj,TRA,CDR3,90,4,2,4,T,F
3qfj,TRB,CDR1,29,7,3,7,E,Y
3qfj,TRB,CDR3,98,6,7,6,G,V
3qfj,TRB,CDR3,96,6,5,6,L,V
3qfj,TRB,CDR3,97,7,6,7,A,Y
3qfj,TRA,CDR1,29,2,4,2,Q,F
3qfj,TRA,CDR3,92,3,4,3,D,G
3qfj,TRB,CDR3,97,6,6,6,A,V
3sjv,TRA,CDR1,29,4,4,4,Q,R
3sjv,TRB,CDR3,97,6,7,6,D,Y
3sjv,TRB,CDR3,94,5,4,5,G,A
3sjv,TRB,CDR3,94,6,4,6,G,Y
3sjv,TRB,CDR3,95,5,5,5,N,A
3sjv,TRB,CDR3,95,6,5,6,N,Y
3sjv,TRA,CDR2,49,6,1,6,Y,Y
3sjv,TRA,CDR3,89,3,2,3,R,G
3sjv,TRB,CDR3,97,5,7,5,D,A
3sjv,TRA,CDR1,29,2,4,2,Q,R
3sjv,TRB,CDR1,29,5,4,5,Y,A
3sjv,TRB,CDR3,98,6,8,6,I,Y
3sjv,TRA,CDR1,29,3,4,3,Q,G
3sjv,TRA,CDR1,27,0,2,0,A,F
3sjv,TRB,CDR3,93,6,3,6,Q,Y
3sjv,TRA,CDR3,89,5,2,5,R,A
3sjv,TRA,CDR3,89,4,2,4,R,R
3tfk,TRB,CDR1,28,7,4,7,Y,D
3tfk,TRA,CDR2,50,6,1,6,Y,M
3tfk,TRA,CDR3,98,3,7,3,G,D
3tfk,TRA,CDR3,95,2,4,2,K,S
3tfk,TRB,CDR3,92,6,3,6,D,M
3tfk,TRB,CDR3,93,6,4,6,A,M
3tfk,TRA,CDR1,31,3,5,3,Y,D
3tfk,TRB,CDR2,47,7,1,7,Y,D
3tfk,TRA,CDR3,96,3,5,3,G,D
3tfk,TRA,CDR3,97,3,6,3,T,D
3tfk,TRB,CDR1,27,7,3,7,N,D
3tfk,TRB,CDR3,94,6,5,6,P,M
3tfk,TRA,CDR3,94,3,3,3,A,D
3tfk,TRB,CDR3,92,7,3,7,D,D
3tfk,TRA,CDR3,95,0,4,0,K,Q
3tfk,TRB,CDR3,96,6,7,6,Q,M
3tfk,TRA,CDR3,95,3,4,3,K,D
3tfk,TRA,CDR3,95,1,4,1,K,L
3tjh,TRB,CDR3,95,6,5,6,P,W
3tjh,TRA,CDR1,31,3,5,3,Y,D
3tjh,TRA,CDR3,98,7,7,7,G,W
3tjh,TRB,CDR3,93,6,3,6,D,W
3tjh,TRA,CDR3,95,3,4,3,K,D
3tjh,TRB,CDR1,28,8,3,8,N,I
3tjh,TRB,CDR3,95,4,5,4,P,S
3tjh,TRA,CDR2,50,5,1,5,Y,L
3tjh,TRA,CDR3,96,7,5,7,G,W
3tjh,TRB,CDR3,97,5,7,5,Q,L
3tjh,TRA,CDR3,97,7,6,7,T,W
3tjh,TRA,CDR1,31,5,5,5,Y,L
3tjh,TRB,CDR1,29,7,4,7,Y,W
3tjh,TRB,CDR3,97,6,7,6,Q,W
3tjh,TRA,CDR2,50,6,1,6,Y,W
3tjh,TRB,CDR1,28,7,3,7,N,W
3tjh,TRB,CDR3,96,7,6,7,G,W
3tjh,TRB,CDR3,92,7,2,7,S,W
3tjh,TRB,CDR3,94,6,4,6,A,W
3tjh,TRB,CDR3,93,5,3,5,D,L
3tjh,TRB,CDR3,95,7,5,7,P,W
3tjh,TRB,CDR3,94,7,4,7,A,W
3tjh,TRA,CDR2,51,3,2,3,S,D
3tjh,TRB,CDR3,94,5,4,5,A,L
3tjh,TRB,CDR3,95,5,5,5,P,L
3tjh,TRB,CDR3,93,7,3,7,D,W
3tjh,TRA,CDR1,31,4,5,4,Y,S
3tpu,TRB,CDR1,28,8,3,8,N,I
3tpu,TRA,CDR3,96,3,5,3,G,P
3tpu,TRB,CDR1,27,7,2,7,H,D
3tpu,TRB,CDR1,29,5,4,5,Y,W
3tpu,TRA,CDR2,50,6,1,6,Y,F
3tpu,TRA,CDR3,97,5,6,5,T,W
3tpu,TRB,CDR1,26,7,1,7,S,D
3tpu,TRB,CDR3,95,6,5,6,P,F
3tpu,TRB,CDR3,92,7,2,7,S,D
3tpu,TRB,CDR1,29,6,4,6,Y,F
3tpu,TRA,CDR3,99,5,8,5,S,W
3tpu,TRA,CDR3,96,5,5,5,G,W
3tpu,TRA,CDR3,98,5,7,5,G,W
3tpu,TRB,CDR3,94,5,4,5,A,W
3tpu,TRB,CDR2,48,5,1,5,Y,W
3tpu,TRB,CDR1,29,7,4,7,Y,D
3tpu,TRB,CDR1,28,7,3,7,N,D
3tpu,TRA,CDR3,95,0,4,0,K,F
3tpu,TRB,CDR3,95,5,5,5,P,W
3tpu,TRB,CDR3,93,7,3,7,D,D
3tpu,TRA,CDR3,95,1,4,1,K,L
3tpu,TRB,CDR3,97,6,7,6,Q,F
3tpu,TRB,CDR3,94,6,4,6,A,F
3tpu,TRB,CDR3,93,6,3,6,D,F
3tpu,TRB,CDR3,93,5,3,5,D,W
3tpu,TRA,CDR3,95,3,4,3,K,P
3uts,TRA,CDR3,91,4,3,4,G,P
3uts,TRA,CDR3,92,2,4,2,D,W
3uts,TRA,CDR3,92,1,4,1,D,L
3uts,TRA,CDR3,95,5,7,5,Y,D
3uts,TRB,CDR3,96,5,4,5,W,D
3uts,TRB,CDR3,96,6,4,6,W,P
3uts,TRA,CDR3,94,4,6,4,S,P
3uts,TRA,CDR3,93,4,5,4,S,P
3uts,TRA,CDR3,92,4,4,4,D,P
3uts,TRB,CDR3,96,7,4,7,W,A
3uts,TRA,CDR3,92,3,4,3,D,G
3uts,TRA,CDR3,95,4,7,4,Y,P
3uts,TRA,CDR3,90,4,2,4,R,P
3uts,TRB,CDR2,49,5,1,5,N,D
3uts,TRB,FR2,47,4,16,4,Y,P
3uts,TRB,CDR3,96,2,4,2,W,W
3uts,TRB,CDR1,30,5,4,5,Y,D
3utt,TRA,CDR1,29,3,5,3,Y,G
3utt,TRB,CDR2,47,5,1,5,N,D
3utt,TRA,CDR3,92,4,5,4,S,P
3utt,TRA,CDR3,89,4,2,4,R,P
3utt,TRB,CDR3,94,6,4,6,W,P
3utt,TRB,CDR3,94,5,4,5,W,D
3utt,TRB,CDR3,94,2,4,2,W,W
3utt,TRA,CDR3,93,4,6,4,S,P
3utt,TRB,CDR3,94,7,4,7,W,A
3utt,TRA,CDR3,92,3,5,3,S,G
3utt,TRA,CDR3,91,1,4,1,D,L
3utt,TRA,CDR3,91,4,4,4,D,P
3utt,TRB,CDR1,28,5,4,5,Y,D
3utt,TRB,CDR1,28,6,4,6,Y,P
3utt,TRA,CDR3,94,6,7,6,Y,P
3utt,TRA,CDR3,91,2,4,2,D,W
3utt,TRA,CDR3,94,4,7,4,Y,P
3utt,TRA,CDR3,91,3,4,3,D,G
3utt,TRA,CDR3,94,5,7,5,Y,D
3utt,TRA,CDR3,91,5,4,5,D,D
3vxm,TRB,CDR3,96,5,5,5,S,F
3vxm,TRA,CDR1,26,3,0,3,Y,L
3vxm,TRB,CDR3,97,5,6,5,G,F
3vxm,TRB,CDR3,97,8,6,8,G,C
3vxm,TRA,CDR3,101,3,10,3,Y,L
3vxm,TRB,CDR3,94,5,3,5,P,F
3vxm,TRA,CDR1,30,3,4,3,P,L
3vxm,TRA,CDR1,28,0,2,0,A,R
3vxm,TRA,CDR1,27,0,1,0,G,R
3vxm,TRA,CDR1,28,3,2,3,A,L
3vxm,TRA,CDR1,31,6,5,6,Y,G
3vxm,TRA,CDR1,29,3,3,3,T,L
3vxm,TRA,CDR1,28,2,2,2,A,P
3vxm,TRB,CDR3,99,5,8,5,Y,F
3vxm,TRB,CDR3,98,5,7,5,I,F
3vxm,TRB,CDR3,96,8,5,8,S,C
3vxm,TRA,CDR3,101,5,10,5,Y,F
3vxm,TRA,CDR1,27,1,1,1,G,F
3vxm,TRA,CDR3,95,3,4,3,P,L
3vxm,TRA,CDR3,93,3,2,3,G,L
3vxm,TRB,CDR3,95,5,4,5,T,F
3vxm,TRA,CDR1,28,1,2,1,A,F
3vxm,TRA,CDR3,94,3,3,3,A,L
3vxm,TRA,CDR3,101,4,10,4,Y,T
3vxm,TRA,CDR1,31,3,5,3,Y,L
3vxm,TRA,CDR1,31,5,5,5,Y,F
3vxm,TRB,CDR3,97,6,6,6,G,G
3vxr,TRB,CDR2,48,4,1,4,Q,T
3vxr,TRB,CDR3,97,5,6,5,T,F
3vxr,TRB,CDR3,95,7,4,7,W,W
3vxr,TRA,CDR3,94,1,4,1,D,Y
3vxr,TRB,CDR3,96,6,5,6,D,G
3vxr,TRB,CDR3,95,8,4,8,W,C
3vxr,TRB,CDR3,96,5,5,5,D,F
3vxr,TRA,CDR3,92,5,2,5,R,F
3vxr,TRA,CDR3,97,2,7,2,Y,P
3vxr,TRB,CDR1,29,4,4,4,R,T
3vxr,TRA,CDR3,95,0,5,0,S,R
3vxr,TRB,CDR3,93,5,2,5,S,F
3vxr,TRA,CDR1,30,3,4,3,Y,L
3vxr,TRA,CDR1,30,5,4,5,Y,F
3vxr,TRB,CDR3,94,5,3,5,S,F
3vxr,TRB,CDR3,95,4,4,4,W,T
3vxr,TRA,CDR3,92,3,2,3,R,L
3vxr,TRB,CDR3,98,5,7,5,G,F
3vxr,TRA,CDR3,97,3,7,3,Y,L
3vxr,TRA,CDR3,97,4,7,4,Y,T
3vxr,TRB,CDR3,95,6,4,6,W,G
3vxr,TRA,CDR3,97,5,7,5,Y,F
3vxr,TRA,CDR3,96,3,6,3,S,L
3vxr,TRB,CDR3,95,5,4,5,W,F
3vxr,TRA,CDR3,95,3,5,3,S,L
3vxr,TRB,FR2,31,5,1,5,Y,F
3vxr,TRA,CDR3,93,3,3,3,M,L
3vxr,TRB,CDR1,29,5,4,5,R,F
3vxr,TRA,CDR3,94,3,4,3,D,L
3vxs,TRA,CDR3,97,4,7,4,Y,T
3vxs,TRB,CDR1,29,5,4,5,R,L
3vxs,TRA,CDR3,93,3,3,3,M,L
3vxs,TRB,CDR3,98,5,7,5,G,L
3vxs,TRB,CDR3,97,5,6,5,T,L
3vxs,TRB,CDR3,95,7,4,7,W,W
3vxs,TRB,CDR1,29,4,4,4,R,T
3vxs,TRA,CDR3,97,5,7,5,Y,L
3vxs,TRB,CDR3,94,5,3,5,S,L
3vxs,TRA,CDR3,92,3,2,3,R,L
3vxs,TRA,CDR3,94,1,4,1,D,Y
3vxs,TRB,CDR3,95,8,4,8,W,C
3vxs,TRB,CDR3,95,6,4,6,W,G
3vxs,TRA,CDR1,30,5,4,5,Y,L
3vxs,TRA,CDR3,92,5,2,5,R,L
3vxs,TRB,CDR3,95,4,4,4,W,T
3vxs,TRB,CDR2,48,4,1,4,Q,T
3vxs,TRB,CDR3,96,5,5,5,D,L
3vxs,TRA,CDR3,95,3,5,3,S,L
3vxs,TRA,CDR3,94,3,4,3,D,L
3vxs,TRA,CDR3,96,3,6,3,S,L
3vxs,TRB,CDR3,96,6,5,6,D,G
3vxs,TRA,CDR3,97,2,7,2,Y,P
3vxs,TRB,CDR3,95,5,4,5,W,L
3vxs,TRA,CDR1,30,3,4,3,Y,L
3vxs,TRA,CDR3,97,3,7,3,Y,L
4eup,TRB,CDR3,97,6,8,6,V,L
4eup,TRB,CDR3,96,3,7,3,G,I
4eup,TRA,CDR1,30,3,5,3,S,I
4eup,TRA,CDR2,49,3,1,3,Y,I
4eup,TRB,CDR1,27,7,3,7,E,T
4eup,TRB,CDR3,95,3,6,3,T,I
4eup,TRB,CDR3,92,6,3,6,F,L
4eup,TRB,CDR3,95,2,6,2,T,G
4eup,TRB,CDR3,92,7,3,7,F,T
4eup,TRA,CDR1,29,2,4,2,Q,G
4eup,TRB,CDR3,93,7,4,7,L,T
4eup,TRB,CDR3,94,6,5,6,G,L
4eup,TRB,CDR3,94,5,5,5,G,I
4eup,TRA,CDR1,29,1,4,1,Q,L
4eup,TRB,CDR3,93,6,4,6,L,L
4eup,TRA,CDR1,29,3,4,3,Q,I
4eup,TRB,CDR3,95,5,6,5,T,I
4eup,TRB,CDR3,95,4,6,4,T,G
4eup,TRB,CDR3,95,6,6,6,T,L
4eup,TRB,CDR3,93,5,4,5,L,I
4euq,TRA,CDR1,29,0,4,0,Q,E
4euq,TRB,CDR3,92,7,3,7,F,L
4euq,TRA,CDR2,49,4,1,4,Y,I
4euq,TRB,CDR3,95,3,6,3,T,G
4euq,TRA,CDR1,29,4,4,4,Q,I
4euq,TRB,CDR3,92,8,3,8,F,T
4euq,TRB,CDR3,93,6,4,6,L,I
4euq,TRB,CDR3,95,6,6,6,T,I
4euq,TRA,CDR1,30,3,5,3,S,G
4euq,TRB,CDR1,27,8,3,8,E,T
4euq,TRA,CDR1,27,0,2,0,G,E
4euq,TRA,CDR3,93,3,5,3,G,G
4euq,TRA,CDR1,29,1,4,1,Q,A
4euq,TRA,CDR1,29,2,4,2,Q,A
4euq,TRB,CDR3,97,7,8,7,V,L
4euq,TRB,CDR3,93,7,4,7,L,L
4euq,TRB,CDR3,94,6,5,6,G,I
4euq,TRB,CDR3,94,7,5,7,G,L
4euq,TRB,CDR3,96,4,7,4,G,I
4euq,TRB,CDR3,95,5,6,5,T,G
4euq,TRB,CDR3,95,2,6,2,T,A
4euq,TRA,CDR1,30,4,5,4,S,I
4euq,TRB,CDR3,93,8,4,8,L,T
4euq,TRA,CDR1,29,3,4,3,Q,G
4euq,TRB,CDR3,95,4,6,4,T,I
4euq,TRB,CDR3,96,3,7,3,G,G
4ftv,TRA,CDR3,90,4,2,4,T,Y
4ftv,TRB,CDR1,29,7,3,7,E,Y
4ftv,TRB,CDR3,95,5,4,5,G,P
4ftv,TRB,CDR3,99,4,8,4,A,Y
4ftv,TRB,CDR3,100,4,9,4,Q,Y
4ftv,TRA,CDR1,30,4,5,4,S,Y
4ftv,TRA,CDR3,91,4,3,4,T,Y
4ftv,TRB,CDR3,96,7,5,7,L,Y
4ftv,TRA,CDR3,93,5,5,5,S,P
4ftv,TRA,CDR1,27,0,2,0,G,L
4ftv,TRA,CDR1,29,0,4,0,Q,L
4ftv,TRA,CDR1,29,4,4,4,Q,Y
4ftv,TRB,CDR3,99,6,8,6,A,V
4ftv,TRA,CDR1,29,2,4,2,Q,F
4ftv,TRB,CDR3,96,5,5,5,L,P
4ftv,TRA,CDR3,93,3,5,3,S,G
4ftv,TRA,CDR3,92,4,4,4,D,Y
4ftv,TRB,CDR3,96,6,5,6,L,V
4ftv,TRA,CDR1,29,1,4,1,Q,L
4ftv,TRA,CDR3,91,3,3,3,T,G
4ftv,TRA,CDR1,29,3,4,3,Q,G
4ftv,TRB,CDR3,97,7,6,7,M,Y
4ftv,TRB,CDR3,97,6,6,6,M,V
4ftv,TRB,CDR3,101,4,10,4,P,Y
4ftv,TRA,CDR3,92,3,4,3,D,G
4ftv,TRB,CDR3,93,4,2,4,R,Y
4ftv,TRA,CDR3,93,4,5,4,S,Y
4ftv,TRB,CDR3,98,6,7,6,S,V
4g8g,TRB,CDR3,93,8,4,8,G,N
4g8g,TRA,CDR1,29,5,5,5,Y,L
4g8g,TRB,CDR3,94,8,5,8,L,N
4g8g,TRA,CDR2,51,4,3,4,Y,I
4g8g,TRB,CDR3,92,8,3,8,E,N
4g8g,TRA,CDR1,30,5,6,5,G,L
4g8g,TRA,CDR2,51,3,3,3,Y,I
4g8g,TRB,CDR3,92,6,3,6,E,G
4g8g,TRB,CDR3,97,5,8,5,T,L
4g8g,TRB,CDR3,95,6,6,6,G,G
4g8g,TRB,CDR3,95,5,6,5,G,L
4g8g,TRA,FR2,32,5,1,5,F,L
4g8g,TRA,CDR1,28,5,4,5,S,L
4g8g,TRB,CDR3,96,6,7,6,G,G
4g8g,TRB,CDR3,96,5,7,5,G,L
4g8g,TRA,CDR1,27,0,3,0,Q,K
4g8g,TRB,CDR3,95,8,6,8,G,N
4g8g,TRA,CDR1,28,3,4,3,S,I
4g8g,TRA,CDR3,92,5,2,5,R,L
4g8g,TRA,CDR3,98,4,8,4,F,I
4g8g,TRA,CDR3,98,5,8,5,F,L
4g8g,TRA,FR2,47,5,16,5,Y,L
4g8g,TRB,CDR3,95,7,6,7,G,L
4g8g,TRB,CDR3,96,8,7,8,G,N
4g8g,TRA,CDR3,98,3,8,3,F,I
4g8g,TRB,CDR3,97,6,8,6,T,G
4g8g,TRA,CDR3,94,3,4,3,L,I
4g9f,TRA,CDR2,51,4,3,4,Y,I
4g9f,TRA,FR2,32,5,1,5,F,M
4g9f,TRB,CDR3,94,6,3,6,E,G
4g9f,TRB,CDR3,97,6,6,6,G,G
4g9f,TRA,CDR1,28,3,4,3,S,I
4g9f,TRA,CDR1,30,5,6,5,G,M
4g9f,TRB,CDR3,98,6,7,6,G,G
4g9f,TRA,CDR1,27,0,3,0,Q,K
4g9f,TRB,CDR3,98,8,7,8,G,N
4g9f,TRA,CDR3,98,5,8,5,F,M
4g9f,TRB,CDR3,98,5,7,5,G,M
4g9f,TRB,CDR3,94,8,3,8,E,N
4g9f,TRA,CDR3,98,3,8,3,F,I
4g9f,TRA,CDR2,51,3,3,3,Y,I
4g9f,TRB,CDR3,97,5,6,5,G,M
4g9f,TRA,FR2,47,5,16,5,Y,M
4g9f,TRB,CDR3,95,8,4,8,G,N
4g9f,TRB,CDR3,99,6,8,6,T,G
4g9f,TRA,CDR1,29,5,5,5,Y,M
4g9f,TRA,CDR3,94,3,4,3,L,I
4g9f,TRA,CDR3,92,5,2,5,R,M
4g9f,TRB,CDR3,99,5,8,5,T,M
4jfd,TRB,CDR3,95,6,4,6,T,I
4jfd,TRA,CDR1,28,0,2,0,G,E
4jfd,TRB,CDR3,96,8,5,8,G,T
4jfd,TRB,CDR3,95,7,4,7,T,L
4jfd,TRA,CDR2,50,4,1,4,Y,I
4jfd,TRB,CDR3,97,6,6,6,L,I
4jfd,TRB,CDR3,97,5,6,5,L,G
4jfd,TRB,CDR3,98,6,7,6,G,I
4jfd,TRA,CDR1,30,0,4,0,Q,E
4jfd,TRA,CDR1,30,1,4,1,Q,L
4jfd,TRA,CDR1,30,4,4,4,Q,I
4jfd,TRB,CDR3,98,7,7,7,G,L
4jfd,TRB,CDR3,96,6,5,6,G,I
4jfd,TRB,CDR3,97,2,6,2,L,A
4jfd,TRA,CDR1,30,3,4,3,Q,A
4jfd,TRB,CDR3,97,4,6,4,L,I
4jfd,TRB,CDR3,95,8,4,8,T,T
4jfd,TRA,CDR1,30,2,4,2,Q,A
4jfd,TRB,CDR3,98,3,7,3,G,A
4jfd,TRB,CDR3,98,4,7,4,G,I
4jfd,TRB,CDR3,99,4,8,4,M,I
4jfd,TRB,CDR3,96,7,5,7,G,L
4jfd,TRA,CDR1,31,4,5,4,S,I
4jfd,TRA,CDR3,93,3,4,3,G,A
4jfd,TRB,CDR3,99,3,8,3,M,A
4jfd,TRA,CDR3,91,3,2,3,N,A
4jfd,TRB,CDR3,97,3,6,3,L,A
4jfd,TRB,CDR3,97,7,6,7,L,L
4jfd,TRB,CDR3,98,5,7,5,G,G
4jfd,TRB,CDR3,94,7,3,7,E,L
4jfe,TRA,CDR2,50,4,1,4,Y,I
4jfe,TRB,CDR3,96,6,5,6,G,A
4jfe,TRB,CDR3,98,4,7,4,G,I
4jfe,TRB,CDR3,97,5,6,5,L,G
4jfe,TRA,CDR3,91,3,2,3,N,G
4jfe,TRB,CDR3,97,6,6,6,L,A
4jfe,TRA,CDR1,28,0,2,0,G,E
4jfe,TRB,CDR3,95,8,4,8,T,T
4jfe,TRB,CDR3,97,7,6,7,L,L
4jfe,TRB,CDR3,95,7,4,7,T,L
4jfe,TRB,CDR3,98,3,7,3,G,G
4jfe,TRA,CDR1,31,4,5,4,S,I
4jfe,TRB,CDR3,96,7,5,7,G,L
4jfe,TRA,CDR1,30,0,4,0,Q,E
4jfe,TRB,CDR3,97,3,6,3,L,G
4jfe,TRB,CDR3,99,4,8,4,M,I
4jfe,TRB,CDR3,98,6,7,6,G,A
4jfe,TRB,CDR3,94,7,3,7,E,L
4jfe,TRB,CDR3,95,6,4,6,T,A
4jfe,TRB,CDR3,97,2,6,2,L,A
4jfe,TRA,CDR1,30,2,4,2,Q,A
4jfe,TRB,CDR3,98,5,7,5,G,G
4jfe,TRA,CDR1,30,4,4,4,Q,I
4jfe,TRB,CDR3,98,7,7,7,G,L
4jfe,TRA,CDR1,30,1,4,1,Q,L
4jfe,TRA,CDR1,30,3,4,3,Q,G
4jfe,TRB,CDR3,97,4,6,4,L,I
4jff,TRB,CDR3,97,4,6,4,L,I
4jff,TRA,CDR2,50,4,1,4,Y,I
4jff,TRB,CDR3,96,7,5,7,G,L
4jff,TRB,CDR3,99,4,8,4,M,I
4jff,TRB,CDR3,97,6,6,6,L,I
4jff,TRB,CDR3,97,7,6,7,L,L
4jff,TRB,CDR3,95,7,4,7,T,L
4jff,TRB,CDR3,98,4,7,4,G,I
4jff,TRA,CDR3,91,3,2,3,N,G
4jff,TRA,CDR1,31,4,5,4,S,I
4jff,TRB,CDR3,98,3,7,3,G,G
4jff,TRB,CDR3,97,5,6,5,L,G
4jff,TRA,CDR1,30,1,4,1,Q,L
4jff,TRB,CDR3,94,7,3,7,E,L
4jff,TRA,CDR1,30,0,4,0,Q,E
4jff,TRB,CDR3,97,3,6,3,L,G
4jff,TRB,CDR3,97,2,6,2,L,A
4jff,TRB,CDR3,95,6,4,6,T,I
4jff,TRB,CDR3,96,6,5,6,G,I
4jff,TRA,CDR1,28,0,2,0,G,E
4jff,TRA,CDR1,30,4,4,4,Q,I
4jff,TRB,CDR3,98,7,7,7,G,L
4jff,TRB,CDR3,95,8,4,8,T,T
4jff,TRA,CDR1,30,2,4,2,Q,A
4jff,TRB,CDR3,98,6,7,6,G,I
4jff,TRA,CDR1,31,3,5,3,S,G
4jff,TRA,CDR1,30,3,4,3,Q,G
4jff,TRB,CDR3,98,5,7,5,G,G
4l3e,TRB,CDR1,29,8,3,8,N,T
4l3e,TRA,CDR3,90,3,2,3,N,G
4l3e,TRB,CDR3,96,2,5,2,F,A
4l3e,TRA,CDR1,30,4,5,4,S,I
4l3e,TRB,CDR3,95,7,4,7,S,L
4l3e,TRA,CDR1,25,0,0,0,Y,E
4l3e,TRB,CDR3,95,5,4,5,S,G
4l3e,TRB,CDR2,50,8,2,8,T,T
4l3e,TRB,CDR3,94,7,3,7,W,L
4l3e,TRB,CDR3,96,4,5,4,F,I
4l3e,TRB,CDR3,97,4,6,4,G,I
4l3e,TRA,CDR1,29,3,4,3,Q,G
4l3e,TRA,CDR1,29,4,4,4,Q,I
4l3e,TRA,CDR1,29,2,4,2,Q,A
4l3e,TRB,CDR3,95,6,4,6,S,I
4l3e,TRB,CDR3,96,6,5,6,F,I
4l3e,TRA,CDR3,92,3,4,3,G,G
4l3e,TRB,CDR3,96,3,5,3,F,G
4l3e,TRA,CDR1,27,0,2,0,G,E
4l3e,TRA,CDR1,29,0,4,0,Q,E
4l3e,TRA,CDR1,29,1,4,1,Q,L
4l3e,TRA,CDR2,49,4,1,4,Y,I
4l3e,TRB,CDR1,29,7,3,7,N,L
4l3e,TRB,CDR3,97,3,6,3,G,G
4mji,TRB,CDR3,95,7,4,7,T,I
4mji,TRA,CDR3,88,3,5,3,S,T
4mji,TRA,CDR3,89,3,6,3,A,T
4mji,TRB,CDR3,95,5,4,5,T,P
4mji,TRA,CDR3,90,2,7,2,R,F
4mji,TRA,CDR3,90,3,7,3,R,T
4mji,TRB,CDR1,28,7,3,7,T,I
4mji,TRA,CDR3,87,0,4,0,D,T
4mji,TRB,CDR3,94,6,3,6,L,S
4mji,TRB,CDR3,96,6,5,6,G,S
4mji,TRA,CDR3,90,5,7,5,R,P
4mji,TRA,CDR3,87,1,4,1,D,A
4mji,TRA,CDR3,88,2,5,2,S,F
4mji,TRB,CDR3,95,6,4,6,T,S
4mji,TRB,CDR3,95,4,4,4,T,I
4mji,TRA,CDR1,24,2,4,2,N,F
4mji,TRB,CDR3,94,7,3,7,L,I
4mji,TRB,CDR1,28,6,3,6,T,S
4mji,TRB,CDR2,48,6,1,6,Q,S
4mji,TRA,CDR3,90,4,7,4,R,I
4mnq,TRA,CDR3,94,3,8,3,P,K
4mnq,TRA,CDR3,90,3,4,3,A,K
4mnq,TRA,CDR3,91,3,5,3,T,K
4mnq,TRB,CDR3,95,5,5,5,G,L
4mnq,TRB,CDR3,94,6,4,6,Q,H
4mnq,TRA,CDR3,93,3,7,3,L,K
4mnq,TRA,CDR1,27,3,2,3,V,K
4mnq,TRA,CDR3,95,5,9,5,Y,L
4mnq,TRB,CDR2,48,7,1,7,I,W
4mnq,TRA,CDR3,92,3,6,3,A,K
4mnq,TRA,CDR3,88,3,2,3,D,K
4mnq,TRA,CDR3,90,2,4,2,A,A
4mnq,TRB,CDR3,94,7,4,7,Q,W
4mnq,TRA,CDR3,95,3,9,3,Y,K
4mnq,TRA,CDR3,89,3,3,3,S,K
4mnq,TRB,CDR1,28,7,3,7,E,W
4mnq,TRB,CDR1,29,5,4,5,Y,L
4mnq,TRA,CDR1,27,4,2,4,V,F
4mnq,TRA,CDR3,91,0,5,0,T,I
4mnq,TRA,CDR3,96,3,10,3,G,K
4mnq,TRA,CDR3,95,2,9,2,Y,A
4mnq,TRB,CDR2,49,7,2,7,H,W
4mnq,TRB,CDR3,93,7,3,7,Y,W
4mnq,TRA,CDR3,90,1,4,1,A,L
4mnq,TRB,CDR3,94,5,4,5,Q,L
4mnq,TRA,CDR3,95,4,9,4,Y,F
4mnq,TRB,CDR2,48,5,1,5,I,L
4ms8,TRB,CDR3,93,5,4,5,A,G
4ms8,TRB,CDR3,93,6,4,6,A,F
4ms8,TRA,CDR3,95,3,6,3,T,E
4ms8,TRA,CDR3,96,3,7,3,G,E
4ms8,TRB,CDR1,28,3,4,3,Y,E
4ms8,TRB,CDR3,94,6,5,6,P,F
4ms8,TRB,CDR3,96,6,7,6,Q,F
4ms8,TRB,CDR3,92,6,3,6,D,F
4ms8,TRA,CDR2,48,6,1,6,Y,F
4ms8,TRB,CDR3,92,7,3,7,D,F
4ms8,TRB,CDR1,27,7,3,7,N,F
4ms8,TRA,CDR3,97,3,8,3,S,E
4ms8,TRB,CDR3,92,5,3,5,D,G
4ms8,TRA,CDR3,94,3,5,3,G,E
4ms8,TRB,CDR3,94,5,5,5,P,G
4mvb,TRB,CDR3,92,5,3,5,D,G
4mvb,TRA,CDR2,48,6,1,6,Y,F
4mvb,TRB,CDR3,93,6,4,6,A,F
4mvb,TRB,CDR1,28,3,4,3,Y,E
4mvb,TRB,CDR3,92,7,3,7,D,Q
4mvb,TRB,CDR3,94,5,5,5,P,G
4mvb,TRB,CDR3,96,6,7,6,Q,F
4mvb,TRB,CDR3,93,5,4,5,A,G
4mvb,TRB,CDR3,92,6,3,6,D,F
4mvb,TRB,CDR3,94,6,5,6,P,F
4mvb,TRB,CDR1,28,7,4,7,Y,Q
4mvb,TRB,CDR3,93,7,4,7,A,Q
4mvb,TRB,CDR1,26,7,2,7,H,Q
4mvb,TRB,CDR3,91,7,2,7,S,Q
4mvb,TRB,CDR1,27,7,3,7,N,Q
4mvb,TRA,CDR3,94,3,5,3,G,E
4mxq,TRB,CDR2,47,4,1,4,Y,R
4mxq,TRB,CDR1,28,7,4,7,Y,D
4mxq,TRB,CDR3,92,7,3,7,D,D
4mxq,TRB,CDR3,92,6,3,6,D,L
4mxq,TRB,CDR3,93,6,4,6,A,L
4mxq,TRB,CDR1,28,5,4,5,Y,P
4mxq,TRB,CDR1,28,4,4,4,Y,R
4mxq,TRB,CDR3,94,6,5,6,P,L
4mxq,TRB,CDR2,47,7,1,7,Y,D
4mxq,TRB,CDR1,27,7,3,7,N,D
4mxq,TRA,CDR3,94,3,4,3,K,P
4mxq,TRA,CDR1,30,3,5,3,Y,P
4n0c,TRB,CDR3,91,7,2,7,S,D
4n0c,TRB,CDR1,28,7,4,7,Y,D
4n0c,TRB,CDR3,93,6,4,6,A,W
4n0c,TRB,CDR1,28,5,4,5,Y,P
4n0c,TRB,CDR1,28,4,4,4,Y,R
4n0c,TRB,CDR3,92,7,3,7,D,D
4n0c,TRB,CDR2,47,4,1,4,Y,R
4n0c,TRB,CDR3,96,6,7,6,Q,W
4n0c,TRA,CDR3,95,2,4,2,K,A
4n0c,TRA,CDR3,95,1,4,1,K,P
4n0c,TRB,CDR3,92,6,3,6,D,W
4n0c,TRB,CDR2,47,7,1,7,Y,D
4n0c,TRA,CDR3,95,3,4,3,K,G
4n0c,TRA,CDR2,50,6,1,6,Y,W
4n0c,TRB,CDR3,94,6,5,6,P,W
4n0c,TRB,CDR1,27,7,3,7,N,D
4n5e,TRB,CDR1,27,7,3,7,N,G
4n5e,TRA,CDR3,96,3,5,3,G,M
4n5e,TRA,CDR3,96,5,5,5,G,E
4n5e,TRB,CDR3,92,8,3,8,D,M
4n5e,TRA,CDR3,97,5,6,5,T,E
4n5e,TRB,CDR3,92,5,3,5,D,E
4n5e,TRA,CDR3,98,5,7,5,G,E
4n5e,TRA,CDR3,95,3,4,3,K,M
4n5e,TRA,CDR1,31,2,5,2,Y,Y
4n5e,TRA,CDR2,50,6,1,6,Y,F
4n5e,TRA,CDR3,95,2,4,2,K,Y
4n5e,TRB,CDR3,93,6,4,6,A,F
4n5e,TRB,CDR3,94,5,5,5,P,E
4n5e,TRB,CDR3,94,6,5,6,P,F
4n5e,TRA,CDR3,95,1,4,1,K,P
4n5e,TRB,CDR1,28,5,4,5,Y,E
4n5e,TRB,CDR3,92,7,3,7,D,G
4n5e,TRB,CDR3,92,6,3,6,D,F
4n5e,TRA,CDR3,99,5,8,5,S,E
4n5e,TRB,CDR3,96,6,7,6,Q,F
4n5e,TRA,CDR3,95,0,4,0,K,V
4n5e,TRB,CDR2,47,5,1,5,Y,E
4prh,TRB,CDR1,29,7,4,7,S,Y
4prh,TRB,CDR3,92,7,2,7,S,Y
4prh,TRA,CDR3,93,0,5,0,G,H
4prh,TRB,CDR1,28,7,3,7,L,Y
4prh,TRB,CDR3,93,7,3,7,A,Y
4prh,TRA,CDR1,30,5,4,5,R,A
4prh,TRA,CDR3,94,4,6,4,T,D
4prh,TRB,CDR3,92,6,2,6,S,D
4prh,TRB,FR3,53,9,0,9,R,E
4prh,TRB,FR2,46,6,16,6,Q,D
4prh,TRB,CDR3,94,7,4,7,R,Y
4prh,TRA,CDR3,90,5,2,5,Q,A
4prh,TRB,FR2,31,6,1,6,Y,D
4prh,TRB,CDR2,48,7,1,7,Y,Y
4prh,TRA,CDR1,27,0,1,0,S,H
4prh,TRA,CDR3,94,3,6,3,T,G
4prh,TRA,CDR3,96,4,8,4,G,D
4prh,TRA,CDR3,96,6,8,6,G,D
4prh,TRB,CDR2,48,6,1,6,Y,D
4prh,TRA,CDR3,96,5,8,5,G,A
4prh,TRA,CDR3,93,3,5,3,G,G
4prh,TRA,CDR3,92,3,4,3,L,G
4prh,TRA,CDR3,92,1,4,1,L,P
4prh,TRA,CDR3,97,5,9,5,S,A
4prh,TRA,CDR3,95,4,7,4,S,D
4prh,TRB,CDR2,48,9,1,9,Y,E
4prh,TRA,CDR3,97,6,9,6,S,D
4prh,TRA,CDR1,30,8,4,8,R,F
4prh,TRB,CDR3,94,6,4,6,R,D
4prh,TRA,CDR3,95,5,7,5,S,A
4prh,TRB,CDR1,27,7,2,7,D,Y
4prh,TRA,CDR3,93,1,5,1,G,P
4prh,TRB,CDR1,26,7,1,7,G,Y
4prh,TRA,CDR3,95,3,7,3,S,G
4prh,TRB,CDR1,29,6,4,6,S,D
4prh,TRA,CDR3,92,2,4,2,L,V
4pri,TRA,CDR3,94,3,6,3,T,G
4pri,TRA,CDR3,92,1,4,1,L,P
4pri,TRA,CDR1,27,0,1,0,S,H
4pri,TRB,CDR1,27,7,2,7,D,Y
4pri,TRB,FR2,31,6,1,6,Y,D
4pri,TRB,CDR1,29,7,4,7,S,Y
4pri,TRB,CDR1,29,6,4,6,S,D
4pri,TRA,CDR1,30,5,4,5,R,A
4pri,TRB,CDR2,48,9,1,9,Y,E
4pri,TRA,CDR3,92,3,4,3,L,G
4pri,TRA,CDR3,96,5,8,5,G,A
4pri,TRA,CDR3,95,3,7,3,S,G
4pri,TRB,CDR1,28,7,3,7,L,Y
4pri,TRB,CDR2,48,6,1,6,Y,D
4pri,TRA,CDR3,96,4,8,4,G,E
4pri,TRA,CDR1,30,4,4,4,R,E
4pri,TRA,CDR3,93,1,5,1,G,P
4pri,TRB,FR3,53,9,0,9,R,E
4pri,TRA,CDR3,97,6,9,6,S,D
4pri,TRB,CDR3,93,7,3,7,A,Y
4pri,TRA,CDR3,97,5,9,5,S,A
4pri,TRA,CDR3,94,4,6,4,T,E
4pri,TRA,CDR3,96,6,8,6,G,D
4pri,TRB,CDR3,92,7,2,7,S,Y
4pri,TRB,CDR3,94,7,4,7,R,Y
4pri,TRA,CDR3,92,2,4,2,L,V
4pri,TRB,CDR3,92,6,2,6,S,D
4pri,TRA,CDR1,30,2,4,2,R,V
4pri,TRB,CDR2,48,7,1,7,Y,Y
4pri,TRA,CDR3,93,3,5,3,G,G
4pri,TRB,FR2,46,6,16,6,Q,D
4pri,TRA,CDR1,30,3,4,3,R,G
4pri,TRA,CDR3,95,4,7,4,S,E
4pri,TRA,CDR3,93,0,5,0,G,H
4pri,TRB,CDR3,94,6,4,6,R,D
4pri,TRB,CDR1,26,7,1,7,G,Y
4prp,TRA,CDR3,95,5,9,5,S,A
4prp,TRA,CDR3,90,1,4,1,L,P
4prp,TRB,CDR1,27,7,1,7,G,Y
4prp,TRB,CDR3,95,7,4,7,R,Y
4prp,TRA,CDR3,93,3,7,3,S,G
4prp,TRA,CDR3,92,3,6,3,T,G
4prp,TRA,CDR3,94,4,8,4,G,Q
4prp,TRA,CDR1,28,4,4,4,R,Q
4prp,TRB,CDR3,93,6,2,6,S,D
4prp,TRA,CDR3,95,6,9,6,S,D
4prp,TRB,CDR1,28,7,2,7,D,Y
4prp,TRA,CDR1,28,8,4,8,R,F
4prp,TRB,FR2,32,6,1,6,Y,D
4prp,TRA,CDR3,92,4,6,4,T,Q
4prp,TRA,CDR1,28,3,4,3,R,G
4prp,TRB,FR2,47,6,16,6,Q,D
4prp,TRB,FR3,54,9,0,9,R,E
4prp,TRA,CDR3,93,4,7,4,S,Q
4prp,TRB,CDR3,95,6,4,6,R,D
4prp,TRA,CDR3,94,5,8,5,G,A
4prp,TRB,CDR1,29,7,3,7,L,Y
4prp,TRA,CDR3,90,3,4,3,L,G
4prp,TRB,CDR3,94,7,3,7,A,Y
4prp,TRB,CDR1,30,6,4,6,S,D
4prp,TRA,CDR1,25,0,1,0,S,H
4prp,TRB,CDR1,30,7,4,7,S,Y
4prp,TRA,CDR3,91,3,5,3,G,G
4prp,TRA,CDR3,91,1,5,1,G,P
4prp,TRA,CDR3,90,2,4,2,L,V
4prp,TRB,CDR2,49,7,1,7,Y,Y
4prp,TRA,CDR3,94,6,8,6,G,D
4prp,TRB,CDR3,93,7,2,7,S,Y
4prp,TRA,CDR1,28,5,4,5,R,A
4prp,TRB,CDR2,49,6,1,6,Y,D
4prp,TRA,CDR3,93,5,7,5,S,A
4prp,TRB,CDR2,49,9,1,9,Y,E
4prp,TRA,CDR3,91,0,5,0,G,H
4qok,TRB,CDR3,98,5,7,5,G,G
4qok,TRB,CDR3,96,6,5,6,G,I
4qok,TRB,CDR3,98,6,7,6,G,I
4qok,TRA,CDR1,30,4,5,4,S,I
4qok,TRB,CDR3,97,7,6,7,L,L
4qok,TRB,CDR3,95,6,4,6,T,I
4qok,TRB,CDR3,97,3,6,3,L,G
4qok,TRB,CDR3,97,4,6,4,L,I
4qok,TRA,CDR3,90,4,2,4,N,I
4qok,TRA,CDR1,29,0,4,0,Q,E
4qok,TRB,CDR3,95,8,4,8,T,T
4qok,TRB,CDR3,95,7,4,7,T,L
4qok,TRB,CDR3,98,7,7,7,G,L
4qok,TRA,CDR1,29,1,4,1,Q,A
4qok,TRA,CDR1,29,3,4,3,Q,G
4qok,TRB,CDR3,97,6,6,6,L,I
4qok,TRA,CDR1,29,4,4,4,Q,I
4qok,TRB,CDR3,98,4,7,4,G,I
4qok,TRA,CDR2,49,4,1,4,Y,I
4qok,TRB,CDR3,97,5,6,5,L,G
4qok,TRA,CDR3,90,3,2,3,N,G
4qok,TRB,CDR3,97,2,6,2,L,A
4qok,TRA,CDR1,27,0,2,0,G,E
4qok,TRA,CDR1,29,2,4,2,Q,A
4qok,TRB,CDR3,99,4,8,4,T,I
4qok,TRB,CDR3,98,3,7,3,G,G
4qrp,TRB,CDR3,94,7,4,7,R,E
4qrp,TRB,CDR3,95,5,5,5,G,C
4qrp,TRA,CDR3,95,3,5,3,V,K
4qrp,TRB,CDR3,96,6,6,6,R,D
4qrp,TRA,CDR3,93,3,3,3,D,K
4qrp,TRB,CDR3,94,5,4,5,R,C
4qrp,TRA,CDR3,96,3,6,3,N,K
4qrp,TRA,CDR3,95,0,5,0,V,H
4qrp,TRB,CDR3,94,6,4,6,R,D
4qrp,TRA,CDR3,94,3,4,3,P,K
4qrp,TRB,CDR3,97,3,7,3,G,K
4qrp,TRA,CDR3,95,1,5,1,V,S
4qrp,TRA,CDR3,97,3,7,3,D,K
4qrp,TRA,CDR3,95,2,5,2,V,K
4qrp,TRB,CDR3,96,3,6,3,R,K
4qrp,TRB,CDR3,95,3,5,3,G,K
4qrp,TRB,CDR3,96,5,6,5,R,C
4qrp,TRB,CDR2,47,5,1,5,Q,C
4qrp,TRB,CDR3,99,6,9,6,Q,D
5brz,TRB,FR3,53,3,0,3,R,P
5brz,TRA,CDR1,29,2,4,2,Y,D
5brz,TRA,CDR3,98,3,9,3,F,P
5brz,TRB,CDR3,94,5,4,5,N,G
5brz,TRB,CDR3,96,4,6,4,A,I
5brz,TRB,CDR1,28,7,3,7,R,L
5brz,TRA,CDR3,96,0,7,0,G,E
5brz,TRA,CDR1,29,3,4,3,Y,P
5brz,TRB,CDR3,94,4,4,4,N,I
5brz,TRB,CDR3,95,3,5,3,M,P
5brz,TRA,CDR1,29,4,4,4,Y,I
5brz,TRB,CDR3,94,6,4,6,N,H
5brz,TRA,CDR3,98,4,9,4,F,I
5brz,TRA,CDR3,95,0,6,0,A,E
5brz,TRB,CDR3,95,4,5,4,M,I
5bs0,TRA,CDR3,94,0,5,0,G,E
5bs0,TRB,CDR3,93,7,3,7,F,Q
5bs0,TRB,CDR3,95,3,5,3,M,P
5bs0,TRB,CDR3,94,4,4,4,N,I
5bs0,TRB,CDR3,95,4,5,4,M,I
5bs0,TRA,CDR3,98,3,9,3,F,P
5bs0,TRB,CDR1,28,7,3,7,R,Q
5bs0,TRA,CDR3,96,0,7,0,G,E
5bs0,TRB,CDR3,94,5,4,5,N,V
5bs0,TRB,CDR3,96,4,6,4,A,I
5bs0,TRA,CDR1,29,3,4,3,Y,P
5bs0,TRA,CDR3,98,4,9,4,F,I
5bs0,TRA,CDR1,29,2,4,2,Y,D
5bs0,TRA,CDR1,29,4,4,4,Y,I
5bs0,TRA,CDR3,95,0,6,0,A,E
5bs0,TRB,FR3,53,3,0,3,R,P
5bs0,TRB,CDR2,48,5,1,5,F,V
5c07,TRA,CDR3,92,0,4,0,D,Y
5c07,TRB,CDR3,96,5,4,5,W,D
5c07,TRA,CDR3,93,0,5,0,S,Y
5c07,TRA,CDR3,92,3,4,3,D,G
5c07,TRA,CDR3,93,4,5,4,S,P
5c07,TRB,CDR2,49,5,1,5,N,D
5c07,TRB,CDR1,30,6,4,6,Y,F
5c07,TRA,CDR3,95,5,7,5,Y,D
5c07,TRA,CDR3,94,4,6,4,S,P
5c07,TRB,CDR3,96,6,4,6,W,F
5c07,TRA,CDR3,91,4,3,4,G,P
5c07,TRB,CDR1,30,5,4,5,Y,D
5c07,TRA,CDR3,92,4,4,4,D,P
5c07,TRA,CDR3,92,1,4,1,D,Q
5c07,TRB,CDR3,96,2,4,2,W,F
5c07,TRA,CDR3,93,3,5,3,S,G
5c07,TRB,FR2,47,4,16,4,Y,P
5c07,TRA,CDR3,92,2,4,2,D,F
5c07,TRA,CDR3,90,4,2,4,R,P
5c07,TRB,CDR3,96,7,4,7,W,P
5c07,TRA,CDR3,95,4,7,4,Y,P
5c07,TRB,CDR1,29,8,3,8,D,I
5c08,TRB,FR2,45,4,16,4,Y,P
5c08,TRA,CDR3,92,4,5,4,S,P
5c08,TRB,CDR3,94,6,4,6,W,P
5c08,TRA,CDR3,91,2,4,2,D,W
5c08,TRA,CDR1,28,0,4,0,Q,R
5c08,TRA,CDR3,94,5,7,5,Y,D
5c08,TRA,CDR3,91,0,4,0,D,R
5c08,TRB,CDR2,47,5,1,5,N,D
5c08,TRA,CDR3,90,4,3,4,G,P
5c08,TRA,CDR3,91,3,4,3,D,G
5c08,TRA,CDR1,26,0,2,0,A,R
5c08,TRB,CDR3,94,2,4,2,W,W
5c08,TRB,CDR1,28,5,4,5,Y,D
5c08,TRB,CDR3,94,5,4,5,W,D
5c08,TRA,CDR3,91,4,4,4,D,P
5c08,TRA,CDR3,93,4,6,4,S,P
5c08,TRA,CDR3,94,4,7,4,Y,P
5c08,TRA,CDR3,91,1,4,1,D,Q
5c08,TRB,CDR3,94,7,4,7,W,A
5c08,TRA,CDR3,92,3,5,3,S,G
5c08,TRA,CDR3,89,4,2,4,R,P
5c09,TRB,CDR3,94,7,4,7,W,P
5c09,TRA,CDR3,89,4,2,4,R,P
5c09,TRB,CDR2,47,5,1,5,N,D
5c09,TRA,CDR3,91,1,4,1,D,L
5c09,TRA,CDR3,92,0,5,0,S,Y
5c09,TRB,CDR3,94,6,4,6,W,F
5c09,TRB,CDR3,94,5,4,5,W,D
5c09,TRA,CDR3,92,4,5,4,S,P
5c09,TRA,CDR3,90,4,3,4,G,P
5c09,TRA,CDR3,92,3,5,3,S,G
5c09,TRA,CDR3,91,2,4,2,D,G
5c09,TRA,CDR3,93,4,6,4,S,P
5c09,TRB,CDR1,28,6,4,6,Y,F
5c09,TRA,CDR3,91,4,4,4,D,P
5c09,TRA,CDR3,91,0,4,0,D,Y
5c09,TRA,CDR3,91,3,4,3,D,G
5c09,TRA,CDR3,94,4,7,4,Y,P
5c09,TRB,CDR1,28,5,4,5,Y,D
5c09,TRB,FR2,45,4,16,4,Y,P
5c09,TRA,CDR3,94,5,7,5,Y,D
5c0a,TRB,CDR3,96,2,4,2,W,W
5c0a,TRB,CDR3,96,6,4,6,W,P
5c0a,TRA,CDR3,94,4,7,4,Y,P
5c0a,TRA,CDR3,93,4,6,4,S,P
5c0a,TRB,CDR3,96,7,4,7,W,L
5c0a,TRB,CDR2,50,8,2,8,N,Y
5c0a,TRA,CDR3,91,3,4,3,D,G
5c0a,TRB,CDR3,97,7,5,7,E,L
5c0a,TRB,CDR2,49,5,1,5,N,D
5c0a,TRA,CDR3,89,4,2,4,R,P
5c0a,TRB,CDR1,30,5,4,5,Y,D
5c0a,TRA,CDR3,92,4,5,4,S,P
5c0a,TRA,CDR3,94,5,7,5,Y,D
5c0a,TRB,CDR3,96,5,4,5,W,D
5c0a,TRA,CDR3,91,4,4,4,D,P
5c0a,TRA,CDR3,90,4,3,4,G,P
5c0a,TRB,CDR2,49,8,1,8,N,Y
5c0a,TRB,CDR1,29,8,3,8,D,Y
5c0b,TRA,CDR3,94,4,7,4,Y,P
5c0b,TRB,FR2,47,4,16,4,Y,P
5c0b,TRB,CDR3,96,7,4,7,W,P
5c0b,TRB,CDR3,96,2,4,2,W,F
5c0b,TRB,CDR1,30,6,4,6,Y,F
5c0b,TRA,CDR3,91,0,4,0,D,R
5c0b,TRA,CDR3,92,4,5,4,S,P
5c0b,TRA,CDR3,91,1,4,1,D,Q
5c0b,TRB,CDR3,96,5,4,5,W,D
5c0b,TRA,CDR3,91,4,4,4,D,P
5c0b,TRA,CDR3,94,5,7,5,Y,D
5c0b,TRA,CDR3,91,3,4,3,D,G
5c0b,TRA,CDR3,93,4,6,4,S,P
5c0b,TRB,CDR1,30,5,4,5,Y,D
5c0b,TRB,CDR3,96,6,4,6,W,F
5c0b,TRB,CDR2,49,5,1,5,N,D
5c0b,TRA,CDR3,90,4,3,4,G,P
5c0b,TRA,CDR3,89,4,2,4,R,P
5c0b,TRA,CDR1,28,0,4,0,Q,R
5c0b,TRB,CDR1,29,8,3,8,D,T
5c0c,TRB,CDR1,30,5,4,5,Y,D
5c0c,TRB,CDR3,97,7,5,7,E,I
5c0c,TRA,CDR3,91,4,4,4,D,P
5c0c,TRB,FR2,47,4,16,4,Y,P
5c0c,TRA,CDR3,93,4,6,4,S,P
5c0c,TRA,CDR3,94,4,7,4,Y,P
5c0c,TRB,CDR2,49,5,1,5,N,D
5c0c,TRB,CDR3,96,2,4,2,W,F
5c0c,TRB,CDR3,96,7,4,7,W,I
5c0c,TRA,CDR3,91,1,4,1,D,Q
5c0c,TRB,CDR1,30,6,4,6,Y,W
5c0c,TRB,CDR3,96,5,4,5,W,D
5c0c,TRA,CDR3,89,4,2,4,R,P
5c0c,TRA,CDR1,28,0,4,0,Q,R
5c0c,TRA,CDR3,90,4,3,4,G,P
5c0c,TRA,CDR3,92,4,5,4,S,P
5c0c,TRB,CDR3,96,6,4,6,W,W
5c0c,TRA,CDR3,91,0,4,0,D,R
5c0c,TRB,CDR1,29,8,3,8,D,V
5c0c,TRA,CDR3,94,5,7,5,Y,D
5c0c,TRA,CDR3,91,3,4,3,D,G
5d2l,TRB,CDR2,48,7,1,7,Q,T
5d2l,TRA,CDR3,92,4,4,4,G,M
5d2l,TRB,CDR3,95,7,4,7,T,T
5d2l,TRA,CDR1,26,1,2,1,N,L
5d2l,TRA,CDR3,90,4,2,4,I,M
5d2l,TRA,CDR1,28,4,4,4,Y,M
5d2l,TRB,CDR3,98,4,7,4,W,M
5d2l,TRB,CDR3,96,7,5,7,Q,T
5d2l,TRA,CDR1,26,3,2,3,N,P
5d2l,TRA,CDR1,28,3,4,3,Y,P
5d2l,TRA,CDR1,27,3,3,3,F,P
5d2l,TRA,CDR3,91,3,3,3,T,P
5d2l,TRA,CDR3,93,5,5,5,N,V
5d2l,TRA,CDR1,28,2,4,2,Y,V
5d2l,TRA,CDR1,26,0,2,0,N,N
5d2l,TRB,CDR3,96,5,5,5,Q,V
5d2l,TRB,CDR3,98,6,7,6,W,A
5d2l,TRB,CDR3,97,4,6,4,L,M
5d2l,TRA,CDR3,93,4,5,4,N,M
5d2l,TRA,CDR1,28,5,4,5,Y,V
5d2l,TRA,CDR3,91,4,3,4,T,M
5d2l,TRA,CDR3,92,3,4,3,G,P
5d2l,TRB,CDR3,96,6,5,6,Q,A
5d2l,TRB,CDR3,98,5,7,5,W,V
5d2n,TRA,CDR3,90,4,2,4,D,M
5d2n,TRB,CDR3,99,4,7,4,T,M
5d2n,TRA,CDR3,92,4,4,4,N,M
5d2n,TRA,CDR3,91,4,3,4,N,M
5d2n,TRA,CDR3,91,3,3,3,N,P
5d2n,TRB,CDR3,99,6,7,6,T,A
5d2n,TRB,CDR3,96,7,4,7,A,T
5d2n,TRA,CDR1,29,3,4,3,T,P
5d2n,TRA,CDR3,93,4,5,4,N,M
5d2n,TRB,CDR3,97,7,5,7,P,T
5d2n,TRA,CDR1,31,4,6,4,Y,M
5d2n,TRA,CDR3,92,3,4,3,N,P
5d2n,TRB,CDR3,99,5,7,5,T,V
5d2n,TRB,CDR3,98,6,6,6,G,A
5d2n,TRB,CDR3,97,5,5,5,P,V
5d2n,TRB,CDR3,102,7,10,7,E,T
5d2n,TRB,CDR3,100,7,8,7,T,T
5d2n,TRB,CDR3,100,6,8,6,T,A
5d2n,TRB,CDR3,101,4,9,4,N,M
5d2n,TRB,CDR3,98,4,6,4,G,M
5d2n,TRB,CDR3,98,5,6,5,G,V
5e6i,TRA,CDR3,95,3,8,3,T,G
5e6i,TRA,CDR3,94,1,7,1,N,I
5e6i,TRB,CDR3,94,6,4,6,I,F
5e6i,TRB,CDR3,95,4,5,4,Y,F
5e6i,TRA,CDR3,91,4,4,4,G,F
5e6i,TRB,CDR2,48,5,1,5,M,V
5e6i,TRB,CDR3,94,5,4,5,I,V
5e6i,TRB,CDR1,28,7,3,7,E,T
5e6i,TRB,CDR3,95,5,5,5,Y,V
5e6i,TRA,CDR3,96,4,9,4,G,F
5e6i,TRB,CDR3,94,8,4,8,I,L
5e6i,TRB,CDR3,95,6,5,6,Y,F
5e6i,TRB,CDR3,94,7,4,7,I,T
5e6i,TRA,CDR3,96,3,9,3,G,G
5e6i,TRB,CDR2,48,4,1,4,M,F
5e6i,TRA,CDR3,94,3,7,3,N,G
5e6i,TRA,CDR3,95,4,8,4,T,F
5e6i,TRA,CDR3,94,2,7,2,N,L
5e6i,TRB,CDR2,49,5,2,5,N,V
5e6i,TRB,FR2,46,3,16,3,Y,G
5e6i,TRA,CDR3,94,4,7,4,N,F
5e6i,TRB,CDR2,48,3,1,3,M,G
5e6i,TRB,CDR2,49,7,2,7,N,T
5e6i,TRB,FR3,54,3,1,3,D,G
5e9d,TRB,CDR3,95,7,5,7,W,L
5e9d,TRA,CDR3,93,3,6,3,W,G
5e9d,TRA,CDR3,92,5,5,5,S,G
5e9d,TRB,CDR3,97,7,7,7,A,L
5e9d,TRA,CDR1,28,4,4,4,T,I
5e9d,TRA,CDR2,48,4,1,4,Y,I
5e9d,TRA,CDR3,92,3,5,3,S,G
5e9d,TRB,CDR3,97,8,7,8,A,T
5e9d,TRB,CDR3,98,7,8,7,G,L
5e9d,TRB,CDR3,96,7,6,7,M,L
5e9d,TRA,CDR3,91,0,4,0,Y,E
5e9d,TRA,CDR3,92,4,5,4,S,I
5e9d,TRB,CDR3,96,8,6,8,M,T
5e9d,TRA,CDR3,91,4,4,4,Y,I
5e9d,TRB,CDR3,95,6,5,6,W,I
5e9d,TRA,CDR1,29,4,5,4,S,I
5e9d,TRA,CDR3,91,3,4,3,Y,G
5eu6,TRA,CDR3,98,3,8,3,N,P
5eu6,TRA,CDR3,97,3,7,3,S,P
5eu6,TRA,CDR3,99,4,9,4,Y,G
5eu6,TRB,CDR2,49,7,1,7,Q,T
5eu6,TRA,CDR3,98,5,8,5,N,P
5eu6,TRB,CDR3,95,7,3,7,F,T
5eu6,TRB,CDR2,49,6,1,6,Q,V
5eu6,TRA,CDR3,99,2,9,2,Y,E
5eu6,TRA,CDR3,94,0,4,0,S,Y
5eu6,TRB,CDR3,96,5,4,5,I,P
5eu6,TRB,CDR3,99,6,7,6,T,V
5eu6,TRB,CDR3,97,5,5,5,G,P
5eu6,TRA,CDR3,99,3,9,3,Y,P
5eu6,TRB,CDR3,96,6,4,6,I,V
5eu6,TRB,CDR3,98,5,6,5,G,P
5eu6,TRA,CDR3,94,3,4,3,S,P
5eu6,TRB,FR2,47,5,16,5,Y,P
5eu6,TRB,CDR1,29,7,3,7,T,T
5eu6,TRB,CDR3,98,4,6,4,G,G
5eu6,TRB,CDR3,99,4,7,4,T,G
5eu6,TRB,CDR3,98,6,6,6,G,V
5eu6,TRB,CDR3,97,6,5,6,G,V
5eu6,TRB,CDR2,49,5,1,5,Q,P
5eu6,TRA,CDR3,95,0,5,0,G,Y
5eu6,TRA,CDR3,96,0,6,0,G,Y
5eu6,TRB,CDR3,96,7,4,7,I,T
5euo,TRA,CDR3,94,4,7,4,N,F
5euo,TRB,CDR3,93,6,4,6,R,F
5euo,TRB,CDR3,93,4,4,4,R,F
5euo,TRB,CDR2,47,3,1,3,Q,G
5euo,TRB,CDR3,93,5,4,5,R,V
5euo,TRB,CDR3,95,4,6,4,S,F
5euo,TRB,CDR2,47,4,1,4,Q,F
5euo,TRA,CDR3,95,4,8,4,T,F
5euo,TRB,CDR3,94,5,5,5,S,V
5euo,TRA,CDR3,95,3,8,3,T,G
5euo,TRB,CDR1,27,7,3,7,D,T
5euo,TRA,CDR3,94,2,7,2,N,L
5euo,TRA,CDR3,94,3,7,3,N,G
5euo,TRB,CDR2,47,5,1,5,Q,V
5euo,TRB,CDR2,48,5,2,5,I,V
5euo,TRA,CDR3,96,3,9,3,G,G
5euo,TRB,CDR3,94,4,5,4,S,F
5euo,TRB,CDR2,48,7,2,7,I,T
5euo,TRA,CDR3,94,1,7,1,N,I
5euo,TRA,CDR3,96,4,9,4,G,F
5hhm,TRA,CDR3,93,3,5,3,Q,G
5hhm,TRB,CDR3,94,5,4,5,R,V
5hhm,TRA,CDR3,94,4,6,4,G,L
5hhm,TRB,CDR3,95,4,5,4,S,L
5hhm,TRB,CDR3,95,5,5,5,S,V
5hhm,TRB,CDR2,49,5,2,5,I,V
5hhm,TRA,CDR3,91,4,3,4,G,L
5hhm,TRB,CDR2,49,7,2,7,I,T
5hhm,TRB,FR3,54,3,1,3,Q,G
5hhm,TRA,CDR3,93,4,5,4,Q,L
5hhm,TRB,CDR2,48,5,1,5,Q,V
5hhm,TRB,CDR3,96,4,6,4,S,L
5hhm,TRB,CDR3,94,4,4,4,R,L
5hhm,TRB,CDR3,94,6,4,6,R,F
5hhm,TRA,CDR3,92,3,4,3,S,G
5hhm,TRB,CDR1,28,7,3,7,D,T
5hhm,TRB,CDR2,48,3,1,3,Q,G
5hhm,TRB,CDR2,48,4,1,4,Q,L
5hhm,TRA,CDR3,94,3,6,3,G,G
5hhm,TRA,CDR3,92,4,4,4,S,L
5hho,TRB,CDR3,93,7,3,7,I,T
5hho,TRA,CDR3,92,3,4,3,S,E
5hho,TRA,CDR3,93,4,5,4,Q,F
5hho,TRB,CDR2,48,3,1,3,Q,E
5hho,TRA,CDR3,93,3,5,3,Q,E
5hho,TRB,CDR2,49,5,2,5,I,V
5hho,TRB,CDR3,94,4,4,4,R,F
5hho,TRB,CDR2,48,5,1,5,Q,V
5hho,TRA,CDR3,92,4,4,4,S,F
5hho,TRB,CDR1,28,7,3,7,D,T
5hho,TRA,CDR3,94,3,6,3,G,E
5hho,TRA,CDR3,94,4,6,4,G,F
5hho,TRB,CDR3,94,5,4,5,R,V
5hho,TRB,CDR3,95,5,5,5,S,V
5hho,TRB,CDR2,48,4,1,4,Q,F
5hho,TRB,CDR3,94,6,4,6,R,F
5hho,TRB,CDR3,95,4,5,4,S,F
5hho,TRB,CDR3,96,4,6,4,S,F
5hho,TRB,CDR2,49,7,2,7,I,T
5hyj,TRA,CDR3,95,5,7,5,Y,D
5hyj,TRA,CDR3,95,4,7,4,Y,P
5hyj,TRB,CDR1,30,6,4,6,Y,P
5hyj,TRB,FR2,47,4,16,4,Y,P
5hyj,TRB,CDR3,96,6,4,6,W,P
5hyj,TRA,CDR3,94,4,6,4,S,P
5hyj,TRB,CDR2,49,5,1,5,N,D
5hyj,TRA,CDR3,92,3,4,3,D,G
5hyj,TRB,CDR3,96,2,4,2,W,W
5hyj,TRB,CDR3,96,7,4,7,W,A
5hyj,TRA,CDR3,92,1,4,1,D,Q
5hyj,TRA,CDR3,92,4,4,4,D,P
5hyj,TRA,CDR3,92,2,4,2,D,W
5hyj,TRA,CDR3,90,4,2,4,R,P
5hyj,TRB,CDR3,96,5,4,5,W,D
5hyj,TRA,CDR3,93,4,5,4,S,P
5hyj,TRB,CDR1,30,5,4,5,Y,D
5hyj,TRA,CDR3,91,4,3,4,G,P
5isz,TRB,CDR2,48,3,1,3,Q,G
5isz,TRA,CDR3,92,4,3,4,T,F
5isz,TRA,CDR3,94,3,5,3,A,G
5isz,TRA,CDR1,29,2,4,2,Y,L
5isz,TRB,CDR3,93,6,3,6,I,F
5isz,TRB,CDR3,94,7,4,7,F,T
5isz,TRA,CDR1,29,4,4,4,Y,F
5isz,TRA,CDR3,93,4,4,4,N,F
5isz,TRA,CDR3,94,4,5,4,A,F
5isz,TRA,CDR3,93,3,4,3,N,G
5isz,TRB,CDR1,28,5,3,5,D,V
5isz,TRB,CDR3,96,4,6,4,Q,F
5isz,TRB,CDR2,49,7,2,7,I,T
5isz,TRA,CDR3,95,4,6,4,G,F
5isz,TRB,CDR1,28,7,3,7,D,T
5isz,TRA,CDR3,93,2,4,2,N,L
5isz,TRB,CDR3,94,6,4,6,F,F
5isz,TRA,CDR3,93,1,4,1,N,I
5isz,TRA,CDR3,95,3,6,3,G,G
5isz,TRB,CDR2,48,5,1,5,Q,V
5isz,TRB,CDR2,49,5,2,5,I,V
5isz,TRB,CDR3,95,5,5,5,G,V
5isz,TRB,FR3,69,7,16,7,K,T
5isz,TRB,CDR3,95,4,5,4,G,F
5isz,TRB,CDR3,94,4,4,4,F,F
5isz,TRB,CDR1,28,6,3,6,D,F
5isz,TRB,CDR2,48,4,1,4,Q,F
5isz,TRB,CDR3,94,5,4,5,F,V
5isz,TRA,CDR3,93,0,4,0,N,G
5ivx,TRB,CDR3,94,6,4,6,G,F
5ivx,TRB,CDR3,93,5,3,5,L,A
5ivx,TRB,CDR3,93,8,3,8,L,T
5ivx,TRB,CDR3,93,7,3,7,L,V
5ivx,TRA,CDR3,98,6,9,6,S,F
5ivx,TRB,CDR3,94,5,4,5,G,A
5ivx,TRA,CDR3,93,5,4,5,S,A
5ivx,TRB,CDR3,96,7,6,7,T,V
5ivx,TRA,CDR3,94,2,5,2,F,P
5ivx,TRA,CDR3,95,6,6,6,G,F
5ivx,TRB,CDR3,95,5,5,5,H,A
5ivx,TRB,CDR3,93,6,3,6,L,F
5ivx,TRA,CDR3,96,6,7,6,D,F
5ivx,TRB,CDR1,28,8,3,8,E,T
5ivx,TRB,CDR3,95,7,5,7,H,V
5ivx,TRA,CDR3,94,3,5,3,F,G
5ivx,TRA,CDR3,94,1,5,1,F,G
5ivx,TRB,CDR3,94,7,4,7,G,V
5ivx,TRB,CDR2,48,6,1,6,Y,F
5ivx,TRA,CDR3,97,6,8,6,N,F
5ivx,TRB,CDR1,28,9,3,9,E,I
5ivx,TRB,CDR3,95,6,5,6,H,F
5jzi,TRA,CDR1,30,5,4,5,D,L
5jzi,TRA,CDR3,95,7,4,7,D,I
5jzi,TRB,CDR1,29,9,3,9,D,A
5jzi,TRA,CDR3,95,8,4,8,D,N
5jzi,TRA,CDR3,95,6,4,6,D,G
5jzi,TRA,CDR3,94,5,3,5,E,L
5jzi,TRB,CDR1,30,9,4,9,K,A
5jzi,TRA,CDR1,29,1,3,1,S,K
5jzi,TRB,CDR1,30,8,4,8,K,N
5jzi,TRA,CDR3,93,5,2,5,G,L
5jzi,TRA,CDR3,95,5,4,5,D,L
5jzi,TRA,CDR1,30,3,4,3,D,V
5jzi,TRB,CDR3,95,8,4,8,G,N
5jzi,TRA,CDR1,32,5,6,5,Y,L
5jzi,TRA,CDR1,31,5,5,5,Y,L
5jzi,TRA,CDR3,96,4,5,4,D,A
5jzi,TRB,CDR3,94,8,3,8,R,N
5jzi,TRB,CDR3,96,8,5,8,P,N
5jzi,TRA,CDR1,31,4,5,4,Y,A
5jzi,TRA,CDR3,94,4,3,4,E,A
5jzi,TRB,CDR3,96,5,5,5,P,L
5jzi,TRA,CDR1,27,1,1,1,S,K
5jzi,TRA,CDR1,29,4,3,4,S,A
5jzi,TRA,CDR2,53,5,3,5,Y,L
5jzi,TRA,CDR3,95,4,4,4,D,A
5jzi,TRA,CDR1,28,2,2,2,E,L
5jzi,TRA,CDR1,30,4,4,4,D,A
5jzi,TRA,CDR3,95,3,4,3,D,V
5jzi,TRB,CDR1,30,7,4,7,K,I
5jzi,TRA,CDR1,28,1,2,1,E,K
5jzi,TRB,CDR2,49,9,1,9,Y,A
5jzi,TRB,CDR3,96,6,5,6,P,G
5jzi,TRA,CDR1,28,4,2,4,E,A
5m00,TRB,CDR3,93,5,4,5,A,F
5m00,TRA,CDR3,92,1,3,1,Y,A
5m00,TRB,CDR3,92,6,3,6,D,A
5m00,TRA,CDR3,92,0,3,0,Y,K
5m00,TRB,CDR3,96,5,7,5,R,F
5m00,TRB,CDR3,97,6,8,6,N,A
5m00,TRB,CDR3,92,5,3,5,D,F
5m00,TRA,CDR3,93,3,4,3,G,A
5m00,TRB,CDR3,93,7,4,7,A,T
5m00,TRA,CDR3,94,3,5,3,N,A
5m00,TRB,CDR3,97,5,8,5,N,F
5m00,TRB,CDR3,92,7,3,7,D,T
5m00,TRA,CDR3,94,4,5,4,N,N
5m01,TRA,CDR3,94,3,5,3,N,A
5m01,TRA,CDR3,94,4,5,4,N,N
5m01,TRB,CDR3,96,5,7,5,R,F
5m01,TRA,CDR3,92,1,3,1,Y,A
5m01,TRB,CDR3,92,7,3,7,D,T
5m01,TRB,CDR3,96,4,7,4,R,N
5m01,TRA,CDR3,92,0,3,0,Y,K
5m01,TRA,CDR3,93,3,4,3,G,A
5m01,TRB,CDR3,92,6,3,6,D,A
5m01,TRB,CDR3,96,3,7,3,R,A
5m01,TRB,CDR3,97,5,8,5,N,F
5m01,TRB,CDR3,93,7,4,7,A,T
5m01,TRB,CDR3,93,5,4,5,A,F
5m01,TRB,CDR3,97,6,8,6,N,A
5m02,TRB,CDR3,95,6,6,6,G,A
5m02,TRB,CDR3,92,5,3,5,D,F
5m02,TRB,CDR3,96,3,7,3,R,F
5m02,TRA,CDR3,91,1,3,1,Y,A
5m02,TRB,CDR3,92,7,3,7,D,T
5m02,TRB,CDR3,94,4,5,4,G,N
5m02,TRA,CDR3,91,3,3,3,Y,F
5m02,TRA,CDR3,93,4,5,4,N,N
5m02,TRB,CDR3,93,5,4,5,A,F
5m02,TRB,CDR3,92,6,3,6,D,A
5m02,TRB,CDR3,97,6,8,6,N,A
5m02,TRB,CDR3,96,5,7,5,R,F
5m02,TRA,CDR3,92,3,4,3,G,F
5m02,TRB,CDR3,97,5,8,5,N,F
5m02,TRA,CDR3,93,3,5,3,N,F
5m02,TRB,CDR3,95,5,6,5,G,F
5m02,TRA,CDR1,28,3,4,3,N,F
5m02,TRB,CDR3,94,5,5,5,G,F
5m02,TRB,CDR3,93,7,4,7,A,T
5m02,TRB,CDR3,95,4,6,4,G,N
5m02,TRB,CDR3,93,6,4,6,A,A
5m02,TRA,CDR3,91,0,3,0,Y,K
5men,TRA,CDR3,92,3,6,3,S,K
5men,TRA,CDR3,95,3,9,3,Y,K
5men,TRA,CDR3,91,0,5,0,T,I
5men,TRB,CDR3,94,5,4,5,Q,L
5men,TRA,CDR3,94,3,8,3,T,K
5men,TRB,CDR1,28,7,3,7,E,W
5men,TRA,CDR3,90,0,4,0,A,I
5men,TRB,CDR2,49,7,2,7,G,W
5men,TRA,CDR3,91,3,5,3,T,K
5men,TRB,CDR3,95,5,5,5,G,L
5men,TRB,CDR2,48,7,1,7,V,W
5men,TRA,CDR3,95,2,9,2,Y,A
5men,TRB,CDR2,48,5,1,5,V,L
5men,TRA,CDR3,93,3,7,3,G,K
5men,TRA,CDR3,90,1,4,1,A,L
5men,TRA,CDR3,95,4,9,4,Y,F
5men,TRA,CDR3,95,5,9,5,Y,L
5men,TRA,CDR1,28,4,3,4,N,F
5men,TRA,CDR3,90,3,4,3,A,K
5men,TRB,CDR3,94,7,4,7,Q,W
5men,TRA,CDR3,88,3,2,3,D,K
5men,TRA,CDR3,89,3,3,3,S,K
5men,TRB,CDR3,94,6,4,6,Q,H
5men,TRA,CDR1,28,3,3,3,N,K
5men,TRB,CDR1,29,5,4,5,Y,L
5nht,TRA,CDR1,29,4,5,4,S,I
5nht,TRB,CDR3,93,6,4,6,G,I
5nht,TRB,CDR3,97,3,8,3,A,G
5nht,TRA,CDR1,28,4,4,4,Q,I
5nht,TRA,CDR1,26,0,2,0,G,E
5nht,TRB,CDR2,48,8,2,8,I,T
5nht,TRB,CDR3,94,4,5,4,L,I
5nht,TRA,CDR1,28,3,4,3,Q,G
5nht,TRA,CDR3,92,3,5,3,A,G
5nht,TRA,CDR1,28,0,4,0,Q,E
5nht,TRB,CDR3,93,7,4,7,G,L
5nht,TRB,FR3,68,8,16,8,K,T
5nht,TRA,CDR3,91,3,4,3,G,G
5nht,TRB,CDR1,27,7,3,7,D,L
5nht,TRB,CDR3,97,4,8,4,A,I
5nht,TRA,CDR3,90,4,3,4,G,I
5nht,TRB,CDR3,94,3,5,3,L,G
5nht,TRB,CDR1,27,8,3,8,D,T
5nht,TRB,CDR3,94,5,5,5,L,G
5nht,TRA,CDR1,28,1,4,1,Q,L
5nht,TRB,CDR3,92,7,3,7,Q,L
5nht,TRB,CDR3,92,8,3,8,Q,T
5nht,TRA,CDR3,90,3,3,3,G,G
5nht,TRA,CDR1,28,2,4,2,Q,A
5nht,TRA,CDR2,48,4,1,4,Y,I
5nht,TRA,CDR1,25,0,1,0,R,E
5nht,TRB,CDR3,94,6,5,6,L,I
5nht,TRB,CDR3,94,2,5,2,L,A
5nme,TRB,CDR3,98,4,7,4,Y,T
5nme,TRB,CDR3,95,7,4,7,T,T
5nme,TRA,CDR3,91,3,3,3,T,N
5nme,TRA,CDR3,90,4,2,4,R,T
5nme,TRA,CDR1,29,3,4,3,Q,N
5nme,TRA,CDR3,94,3,6,3,G,N
5nme,TRA,CDR3,90,3,2,3,R,N
5nme,TRA,CDR3,92,2,4,2,N,Y
5nme,TRA,CDR3,92,3,4,3,N,N
5nme,TRB,CDR3,98,5,7,5,Y,V
5nme,TRA,CDR3,95,3,7,3,Y,N
5nme,TRB,CDR3,96,4,5,4,V,T
5nme,TRA,CDR3,95,4,7,4,Y,T
5nme,TRB,CDR3,95,5,4,5,T,V
5nme,TRB,CDR3,96,8,5,8,V,L
5nme,TRB,CDR3,98,6,7,6,Y,A
5nme,TRB,CDR3,98,3,7,3,Y,N
5nme,TRA,CDR3,95,2,7,2,Y,Y
5nme,TRB,CDR3,96,6,5,6,V,A
5nme,TRB,CDR3,96,7,5,7,V,T
5nme,TRA,CDR1,29,2,4,2,Q,Y
5nme,TRB,CDR3,95,6,4,6,T,A
5nme,TRA,CDR3,92,0,4,0,N,S
5nme,TRA,CDR3,92,1,4,1,N,L
5nmf,TRA,CDR3,92,2,4,2,N,Y
5nmf,TRA,CDR3,95,2,7,2,Y,Y
5nmf,TRB,CDR3,94,7,4,7,T,T
5nmf,TRB,CDR3,97,4,7,4,Y,T
5nmf,TRB,CDR2,48,7,1,7,Y,T
5nmf,TRB,CDR3,97,6,7,6,Y,A
5nmf,TRB,CDR3,97,3,7,3,Y,N
5nmf,TRA,CDR3,93,3,5,3,S,N
5nmf,TRA,CDR3,95,3,7,3,Y,N
5nmf,TRB,CDR3,95,7,5,7,V,T
5nmf,TRA,CDR3,91,3,3,3,T,N
5nmf,TRA,CDR3,94,3,6,3,G,N
5nmf,TRB,CDR3,94,6,4,6,T,A
5nmf,TRA,CDR3,92,1,4,1,N,L
5nmf,TRA,CDR3,90,3,2,3,R,N
5nmf,TRB,CDR3,94,5,4,5,T,I
5nmf,TRB,CDR3,95,4,5,4,V,T
5nmf,TRA,CDR3,92,0,4,0,N,S
5nmf,TRB,CDR3,95,6,5,6,V,A
5nmf,TRA,CDR1,29,3,4,3,Q,N
5nmf,TRA,CDR3,90,4,2,4,R,T
5nmf,TRB,CDR3,97,5,7,5,Y,I
5nmf,TRA,CDR1,29,2,4,2,Q,Y
5nmf,TRA,CDR3,92,3,4,3,N,N
5nmf,TRA,CDR3,95,4,7,4,Y,T
5nmg,TRA,CDR3,92,1,4,1,N,L
5nmg,TRB,CDR3,98,3,7,3,Y,N
5nmg,TRA,CDR3,93,3,5,3,S,N
5nmg,TRA,CDR3,91,3,3,3,T,N
5nmg,TRB,CDR3,96,6,5,6,V,A
5nmg,TRA,CDR3,95,4,7,4,Y,T
5nmg,TRA,CDR3,90,3,2,3,R,N
5nmg,TRA,CDR1,29,2,4,2,Q,F
5nmg,TRA,CDR3,95,3,7,3,Y,N
5nmg,TRA,CDR3,94,3,6,3,G,N
5nmg,TRA,CDR3,92,3,4,3,N,N
5nmg,TRA,CDR3,90,4,2,4,R,T
5nmg,TRB,CDR3,95,5,4,5,T,I
5nmg,TRB,CDR3,95,7,4,7,T,V
5nmg,TRB,CDR3,98,6,7,6,Y,A
5nmg,TRB,CDR3,98,5,7,5,Y,I
5nmg,TRB,CDR3,98,4,7,4,Y,T
5nmg,TRA,CDR3,95,2,7,2,Y,F
5nmg,TRA,CDR3,92,0,4,0,N,S
5nmg,TRA,CDR3,92,2,4,2,N,F
5nmg,TRB,CDR3,96,7,5,7,V,V
5nmg,TRA,CDR1,29,3,4,3,Q,N
5nmg,TRB,CDR3,95,6,4,6,T,A
5nqk,TRA,CDR1,28,2,4,2,Q,A
5nqk,TRB,CDR3,94,6,5,6,L,I
5nqk,TRB,CDR1,27,7,3,7,D,L
5nqk,TRA,CDR1,28,1,4,1,Q,L
5nqk,TRB,CDR3,92,7,3,7,Q,L
5nqk,TRB,CDR3,94,4,5,4,L,I
5nqk,TRA,CDR3,90,4,3,4,G,I
5nqk,TRA,CDR1,28,4,4,4,Q,I
5nqk,TRB,CDR2,48,8,2,8,I,T
5nqk,TRB,CDR3,97,3,8,3,A,G
5nqk,TRB,CDR3,94,5,5,5,L,G
5nqk,TRA,CDR2,48,4,1,4,Y,I
5nqk,TRA,CDR1,26,0,2,0,G,E
5nqk,TRB,CDR3,93,6,4,6,G,I
5nqk,TRB,CDR3,94,3,5,3,L,G
5nqk,TRA,CDR1,29,4,5,4,S,I
5nqk,TRB,CDR3,93,7,4,7,G,L
5nqk,TRA,CDR3,91,3,4,3,G,G
5nqk,TRA,CDR1,25,0,1,0,R,E
5nqk,TRA,CDR1,28,0,4,0,Q,E
5nqk,TRB,CDR3,94,2,5,2,L,A
5nqk,TRA,CDR1,28,3,4,3,Q,G
5nqk,TRA,CDR3,90,3,3,3,G,G
5nqk,TRB,CDR1,27,8,3,8,D,T
5nqk,TRB,CDR3,97,4,8,4,A,I
5sws,TRB,CDR2,51,7,5,7,L,T
5sws,TRB,CDR2,50,4,4,4,I,N
5sws,TRB,FR3,52,8,0,8,N,M
5sws,TRB,FR3,52,7,0,7,N,T
5sws,TRB,FR3,52,6,0,6,N,E
5sws,TRB,CDR2,51,6,5,6,L,E
5sws,TRB,CDR2,50,7,4,7,I,T
5sws,TRB,CDR2,50,5,4,5,I,M
5sws,TRB,CDR2,49,3,3,3,K,E
5sws,TRB,CDR2,51,5,5,5,L,M
5sws,TRB,FR3,53,7,1,7,R,T
5sws,TRB,FR3,53,6,1,6,R,E
5swz,TRB,CDR2,51,5,5,5,L,M
5swz,TRB,CDR2,49,5,3,5,K,M
5swz,TRB,FR3,52,7,0,7,N,T
5swz,TRB,FR3,53,7,1,7,R,T
5swz,TRB,FR3,52,6,0,6,N,E
5swz,TRB,CDR2,49,3,3,3,K,E
5swz,TRB,CDR2,50,7,4,7,I,T
5swz,TRB,FR3,52,8,0,8,N,M
5swz,TRB,CDR2,50,4,4,4,I,N
5swz,TRB,CDR2,51,6,5,6,L,E
5swz,TRB,CDR2,51,7,5,7,L,T
5swz,TRB,FR3,53,6,1,6,R,E
5swz,TRB,CDR2,50,5,4,5,I,M
5tez,TRB,CDR3,93,6,4,6,L,F
5tez,TRA,CDR3,97,5,9,5,Q,V
5tez,TRB,CDR3,96,4,7,4,W,F
5tez,TRA,CDR3,95,5,7,5,G,V
5tez,TRA,CDR3,92,5,4,5,I,V
5tez,TRA,CDR3,96,5,8,5,A,V
5tez,TRA,CDR1,26,3,2,3,A,G
5tez,TRB,CDR2,47,7,1,7,M,T
5tez,TRA,CDR1,28,4,4,4,N,F
5tez,TRA,CDR3,97,4,9,4,Q,F
5tez,TRB,CDR3,93,7,4,7,L,T
5tez,TRB,CDR1,27,8,3,8,E,L
5tez,TRA,CDR3,92,4,4,4,I,F
5tez,TRB,CDR3,96,6,7,6,W,F
5tez,TRA,CDR3,92,3,4,3,I,G
5tez,TRB,CDR3,96,5,7,5,W,V
5tez,TRA,CDR3,97,3,9,3,Q,G
5til,TRB,CDR3,95,6,6,6,G,A
5til,TRB,CDR3,93,6,4,6,A,A
5til,TRB,CDR3,96,3,7,3,R,Y
5til,TRB,CDR3,94,4,5,4,G,N
5til,TRB,CDR3,95,5,6,5,G,F
5til,TRA,CDR3,100,3,5,3,N,Y
5til,TRB,CDR3,97,6,8,6,N,A
5til,TRA,CDR1,35,3,4,3,N,Y
5til,TRA,CDR3,98,1,3,1,Y,A
5til,TRA,CDR3,100,4,5,4,N,N
5til,TRB,CDR3,92,7,3,7,D,T
5til,TRB,CDR3,97,5,8,5,N,F
5til,TRA,CDR3,99,5,4,5,G,F
5til,TRB,CDR3,92,6,3,6,D,A
5til,TRA,CDR3,99,3,4,3,G,Y
5til,TRA,CDR3,98,3,3,3,Y,Y
5til,TRB,CDR3,95,4,6,4,G,N
5til,TRB,CDR3,93,5,4,5,A,F
5til,TRA,CDR3,98,0,3,0,Y,K
5til,TRB,CDR3,93,7,4,7,A,T
5til,TRB,CDR3,94,5,5,5,G,F
5til,TRB,CDR3,96,5,7,5,R,F
5tje,TRB,CDR3,97,5,8,5,N,F
5tje,TRB,CDR3,95,5,6,5,G,F
5tje,TRA,CDR3,93,3,4,3,G,Y
5tje,TRA,CDR1,29,3,4,3,N,Y
5tje,TRB,CDR3,96,3,7,3,R,Y
5tje,TRB,CDR3,94,4,5,4,G,N
5tje,TRB,CDR3,97,6,8,6,N,A
5tje,TRB,CDR3,96,5,7,5,R,F
5tje,TRB,CDR3,92,7,3,7,D,T
5tje,TRB,CDR3,93,6,4,6,A,A
5tje,TRB,CDR3,92,5,3,5,D,F
5tje,TRA,CDR3,92,0,3,0,Y,K
5tje,TRB,CDR3,95,4,6,4,G,N
5tje,TRA,CDR3,94,3,5,3,N,Y
5tje,TRB,CDR3,94,5,5,5,G,F
5tje,TRB,CDR3,93,7,4,7,A,T
5tje,TRB,CDR3,93,5,4,5,A,F
5tje,TRA,CDR3,94,4,5,4,N,N
5tje,TRB,CDR3,95,6,6,6,G,A
5tje,TRA,CDR3,92,3,3,3,Y,Y
5tje,TRB,CDR3,92,6,3,6,D,A
5w1v,TRB,CDR3,100,7,11,7,E,I
5w1v,TRA,CDR3,94,3,7,3,S,P
5w1v,TRA,CDR3,95,4,8,4,N,R
5w1v,TRA,CDR3,93,3,6,3,G,P
5w1v,TRA,CDR3,95,7,8,7,N,I
5w1v,TRB,CDR3,99,7,10,7,N,I
5w1v,TRB,CDR3,94,7,5,7,P,I
5w1v,TRA,CDR3,94,4,7,4,S,R
5w1v,TRA,CDR3,92,4,5,4,G,R
5w1v,TRB,CDR3,100,4,11,4,E,R
5w1v,TRA,CDR3,92,3,5,3,G,P
5w1v,TRA,CDR3,95,5,8,5,N,T
5w1v,TRA,CDR3,96,4,9,4,Y,R
5w1v,TRA,CDR3,93,4,6,4,G,R
5w1v,TRB,CDR3,94,8,5,8,P,L
5w1v,TRA,CDR3,89,4,2,4,Q,R
5w1v,TRA,CDR3,96,7,9,7,Y,I
5w1v,TRA,CDR3,95,6,8,6,N,L
5w1w,TRA,CDR3,89,4,2,4,Q,R
5w1w,TRA,CDR3,94,3,7,3,S,P
5w1w,TRA,CDR3,93,3,6,3,G,P
5w1w,TRB,CDR3,94,7,5,7,P,V
5w1w,TRA,CDR3,95,4,8,4,N,R
5w1w,TRA,CDR3,92,3,5,3,G,P
5w1w,TRB,CDR3,99,7,10,7,N,V
5w1w,TRA,CDR3,95,3,8,3,N,P
5w1w,TRA,CDR3,93,4,6,4,G,R
5w1w,TRA,CDR3,95,7,8,7,N,V
5w1w,TRA,CDR3,92,4,5,4,G,R
5w1w,TRB,CDR3,94,8,5,8,P,L
5w1w,TRA,CDR3,96,7,9,7,Y,V
5w1w,TRB,CDR3,100,4,11,4,E,R
5w1w,TRA,CDR3,97,4,10,4,K,R
5w1w,TRA,CDR3,95,6,8,6,N,L
5w1w,TRA,CDR3,95,5,8,5,N,T
5w1w,TRA,CDR3,96,4,9,4,Y,R
5w1w,TRB,CDR2,47,7,1,7,Y,V
5w1w,TRA,CDR3,94,4,7,4,S,R
5wkf,TRB,CDR3,95,6,4,6,G,I
5wkf,TRA,CDR3,91,4,4,4,A,S
5wkf,TRB,CDR2,48,6,1,6,Q,I
5wkf,TRB,CDR3,98,4,7,4,L,S
5wkf,TRB,CDR3,97,3,6,3,G,G
5wkf,TRB,CDR3,96,6,5,6,Q,I
5wkf,TRB,CDR3,96,5,5,5,Q,P
5wkf,TRB,CDR3,96,7,5,7,Q,V
5wkf,TRB,CDR3,100,7,9,7,Y,V
5wkf,TRB,CDR3,100,5,9,5,Y,P
5wkf,TRB,CDR2,49,8,2,8,N,N
5wkf,TRB,CDR3,95,7,4,7,G,V
5wkf,TRB,CDR3,97,4,6,4,G,S
5wkf,TRA,CDR3,92,4,5,4,G,S
5wkf,TRA,CDR3,92,3,5,3,G,G
5wkf,TRB,CDR3,97,5,6,5,G,P
5wkf,TRB,CDR3,94,7,3,7,L,V
5wkf,TRA,CDR3,91,3,4,3,A,G
5wkf,TRB,CDR3,97,6,6,6,G,I
5wkf,TRB,CDR3,96,3,5,3,Q,G
5wkf,TRB,CDR1,28,8,3,8,A,N
5wkf,TRB,CDR1,26,8,1,8,G,N
5wkf,TRB,CDR3,96,4,5,4,Q,S
5wkh,TRB,CDR3,97,5,6,5,G,P
5wkh,TRB,CDR3,96,3,5,3,Q,G
5wkh,TRB,CDR3,95,7,4,7,G,I
5wkh,TRA,CDR3,91,3,4,3,A,G
5wkh,TRB,CDR3,96,5,5,5,Q,P
5wkh,TRA,CDR3,92,4,5,4,G,S
5wkh,TRA,CDR3,91,4,4,4,A,S
5wkh,TRB,CDR2,48,6,1,6,Q,I
5wkh,TRB,CDR3,100,7,9,7,Y,I
5wkh,TRB,CDR3,94,7,3,7,L,I
5wkh,TRB,CDR3,100,5,9,5,Y,P
5wkh,TRA,CDR3,92,3,5,3,G,G
5wkh,TRB,CDR1,28,8,3,8,A,N
5wkh,TRB,CDR3,96,4,5,4,Q,S
5wkh,TRB,CDR3,97,3,6,3,G,G
5wkh,TRB,CDR2,49,8,2,8,N,N
5wkh,TRB,CDR3,97,6,6,6,G,I
5wkh,TRB,CDR3,95,6,4,6,G,I
5wkh,TRB,CDR3,96,6,5,6,Q,I
5wkh,TRB,CDR3,97,4,6,4,G,S
5wkh,TRB,CDR3,96,7,5,7,Q,I
5wkh,TRB,CDR3,98,4,7,4,L,S
5wlg,TRB,CDR3,95,5,4,5,W,A
5wlg,TRB,CDR1,28,6,2,6,H,K
5wlg,TRB,CDR3,95,4,4,4,W,N
5wlg,TRB,CDR1,29,6,3,6,D,K
5wlg,TRB,CDR3,98,3,7,3,T,L
5wlg,TRA,CDR3,89,3,5,3,Q,L
5wlg,TRB,CDR3,94,6,3,6,D,K
5wlg,TRB,CDR3,95,6,4,6,W,K
5wlg,TRB,CDR1,30,7,4,7,Y,Y
5wlg,TRB,CDR2,49,7,1,7,Y,Y
5wlg,TRB,FR3,70,6,16,6,Q,K
5wlg,TRB,CDR2,50,7,2,7,V,Y
5wlg,TRB,CDR1,27,6,1,6,N,K
5wlg,TRB,CDR1,29,7,3,7,D,Y
5wlg,TRA,CDR3,88,3,4,3,A,L
5xot,TRD,CDR3,96,4,6,4,A,E
5xot,TRD,CDR1,29,3,4,3,S,T
5xot,TRB,CDR1,27,7,3,7,N,E
5xot,TRB,CDR3,92,4,3,4,T,E
5xot,TRB,CDR3,93,6,4,6,R,A
5xot,TRD,CDR3,94,3,4,3,G,T
5xot,TRB,CDR3,95,6,6,6,G,A
5xot,TRB,CDR3,94,6,5,6,G,A
5xot,TRD,CDR1,28,3,3,3,W,T
5xot,TRB,CDR3,94,5,5,5,G,E
5xot,TRD,CDR3,95,4,5,4,G,E
5xot,TRB,CDR3,93,5,4,5,R,E
5xot,TRD,CDR1,27,3,2,3,W,T
5xot,TRB,CDR3,98,4,9,4,I,E
5xot,TRB,CDR3,93,4,4,4,R,E
5xot,TRB,CDR3,91,4,2,4,R,E
5xot,TRB,CDR3,93,7,4,7,R,E
5xot,TRD,CDR3,95,3,5,3,G,T
5xot,TRB,CDR3,94,4,5,4,G,E
5xot,TRD,CDR1,28,0,3,0,W,I
5yxn,TRB,CDR1,29,9,3,9,D,V
5yxn,TRB,CDR3,95,7,4,7,G,N
5yxn,TRA,CDR3,96,6,4,6,D,I
5yxn,TRA,CDR1,28,1,2,1,E,L
5yxn,TRA,CDR1,28,0,2,0,E,K
5yxn,TRA,CDR3,96,5,4,5,D,G
5yxn,TRA,CDR1,31,4,5,4,Y,L
5yxn,TRA,CDR2,53,4,3,4,Y,L
5yxn,TRA,CDR1,29,0,3,0,S,K
5yxn,TRA,CDR3,95,3,3,3,E,A
5yxn,TRA,CDR3,96,7,4,7,D,N
5yxn,TRA,CDR1,30,3,4,3,D,A
5yxn,TRA,CDR3,95,4,3,4,E,L
5yxn,TRA,CDR3,96,4,4,4,D,L
5yxn,TRA,CDR1,32,4,6,4,Y,L
5yxn,TRB,CDR3,96,5,5,5,P,G
5yxn,TRA,CDR1,28,3,2,3,E,A
5yxn,TRB,CDR2,49,8,1,8,Y,A
5yxn,TRA,CDR3,96,3,4,3,D,A
5yxn,TRB,CDR3,96,4,5,4,P,L
5yxn,TRA,CDR1,27,0,1,0,S,K
5yxn,TRB,CDR1,30,6,4,6,K,I
5yxn,TRA,CDR1,30,4,4,4,D,L
5yxn,TRB,CDR1,29,8,3,8,D,A
5yxn,TRA,CDR3,94,4,2,4,G,L
5yxn,TRB,CDR3,96,7,5,7,P,N
5yxn,TRA,CDR3,96,2,4,2,D,V
5yxu,TRA,CDR3,97,3,5,3,D,A
5yxu,TRA,CDR3,96,6,4,6,D,I
5yxu,TRA,CDR3,95,4,3,4,E,L
5yxu,TRA,CDR3,96,7,4,7,D,N
5yxu,TRA,CDR1,30,4,4,4,D,L
5yxu,TRB,CDR3,97,7,5,7,S,N
5yxu,TRB,CDR3,94,4,2,4,R,L
5yxu,TRA,CDR1,32,4,6,4,I,L
5yxu,TRA,CDR1,30,3,4,3,D,A
5yxu,TRA,CDR1,28,3,2,3,E,A
5yxu,TRA,CDR1,28,0,2,0,E,K
5yxu,TRA,CDR3,96,4,4,4,D,L
5yxu,TRB,CDR3,96,7,4,7,G,N
5yxu,TRB,CDR3,97,4,5,4,S,L
5yxu,TRB,CDR3,97,6,5,6,S,I
5yxu,TRA,CDR1,28,1,2,1,E,L
5yxu,TRA,CDR3,94,4,2,4,G,L
5yxu,TRB,CDR1,30,8,3,8,D,A
5yxu,TRA,CDR3,96,2,4,2,D,V
5yxu,TRA,CDR3,96,3,4,3,D,A
5yxu,TRA,CDR2,53,4,3,4,Y,L
5yxu,TRA,CDR3,95,3,3,3,E,A
5yxu,TRA,CDR3,96,5,4,5,D,G
5yxu,TRA,CDR1,27,0,1,0,S,K
5yxu,TRB,CDR1,31,6,4,6,K,I
5yxu,TRB,CDR1,31,7,4,7,K,N
5yxu,TRA,CDR1,31,4,5,4,Y,L
6am5,TRA,CDR2,49,4,1,4,Y,I
6am5,TRA,CDR1,29,0,4,0,Q,S
6am5,TRA,CDR1,29,2,4,2,Q,L
6am5,TRB,CDR1,29,8,3,8,N,P
6am5,TRB,CDR3,94,7,3,7,L,V
6am5,TRB,CDR1,29,7,3,7,N,V
6am5,TRA,CDR1,27,0,2,0,G,S
6am5,TRB,CDR3,97,3,6,3,G,G
6am5,TRB,CDR3,98,4,7,4,T,I
6am5,TRA,CDR1,29,3,4,3,Q,G
6am5,TRB,CDR3,95,6,4,6,S,I
6am5,TRB,CDR3,95,5,4,5,S,G
6am5,TRB,CDR3,96,4,5,4,F,I
6am5,TRB,CDR3,96,2,5,2,F,L
6am5,TRA,CDR1,29,1,4,1,Q,M
6am5,TRA,CDR3,90,3,2,3,N,G
6am5,TRB,CDR3,96,3,5,3,F,G
6am5,TRB,CDR3,95,7,4,7,S,V
6am5,TRA,CDR1,30,4,5,4,S,I
6am5,TRA,CDR1,29,4,4,4,Q,I
6am5,TRB,CDR3,96,6,5,6,F,I
6am5,TRB,CDR3,97,4,6,4,G,I
6amu,TRA,CDR3,89,3,2,3,N,D
6amu,TRB,CDR3,94,4,3,4,L,R
6amu,TRB,CDR3,95,4,4,4,S,R
6amu,TRA,CDR3,92,3,5,3,G,D
6amu,TRA,CDR1,28,1,4,1,Q,M
6amu,TRA,CDR1,26,0,2,0,G,M
6amu,TRB,CDR3,98,4,7,4,T,R
6amu,TRB,CDR3,96,5,5,5,F,G
6amu,TRA,CDR3,91,3,4,3,G,D
6amu,TRB,CDR3,95,6,4,6,S,L
6amu,TRB,CDR3,96,3,5,3,F,D
6amu,TRA,CDR1,29,3,5,3,S,D
6amu,TRB,CDR3,94,9,3,9,L,M
6amu,TRA,CDR1,28,3,4,3,Q,D
6amu,TRA,CDR3,90,3,3,3,F,D
6amu,TRA,CDR3,93,3,6,3,G,D
6amu,TRB,CDR3,97,3,6,3,G,D
6amu,TRA,CDR1,28,2,4,2,Q,W
6amu,TRB,CDR3,95,5,4,5,S,G
6amu,TRA,CDR1,28,0,4,0,Q,M
6amu,TRB,CDR3,96,2,5,2,F,W
6amu,TRB,CDR3,96,4,5,4,F,R
6amu,TRB,CDR3,97,4,6,4,G,R
6bj2,TRA,CDR3,100,3,10,3,Y,T
6bj2,TRB,CDR3,93,6,4,6,R,A
6bj2,TRB,CDR3,96,4,7,4,K,E
6bj2,TRA,CDR3,98,4,8,4,S,E
6bj2,TRA,CDR3,98,3,8,3,S,T
6bj2,TRA,CDR3,99,4,9,4,N,E
6bj2,TRB,CDR3,93,5,4,5,R,E
6bj2,TRA,CDR3,100,4,10,4,Y,E
6bj2,TRB,CDR1,27,7,3,7,N,E
6bj2,TRB,CDR3,94,4,5,4,G,E
6bj2,TRB,FR3,69,7,17,7,Y,E
6bj2,TRB,CDR3,93,3,4,3,R,T
6bj2,TRB,CDR2,48,7,2,7,R,E
6bj2,TRB,CDR3,93,4,4,4,R,E
6bj2,TRA,CDR3,99,3,9,3,N,T
6bj2,TRA,CDR3,94,3,4,3,N,T
6bj2,TRB,CDR2,47,7,1,7,Y,E
6bj2,TRB,FR2,45,4,16,4,Q,E
6bj3,TRB,CDR3,94,4,5,4,G,E
6bj3,TRD,CDR3,95,3,5,3,G,T
6bj3,TRD,CDR3,94,3,4,3,G,T
6bj3,TRB,CDR3,91,4,2,4,R,E
6bj3,TRD,CDR1,28,0,3,0,W,I
6bj3,TRB,CDR1,27,7,3,7,N,E
6bj3,TRD,CDR3,95,4,5,4,G,E
6bj3,TRD,CDR1,27,3,2,3,W,T
6bj3,TRB,CDR3,98,4,9,4,I,E
6bj3,TRB,CDR3,94,6,5,6,G,A
6bj3,TRB,CDR3,93,4,4,4,R,E
6bj3,TRB,CDR3,93,6,4,6,R,A
6bj3,TRD,CDR3,97,4,7,4,Q,E
6bj3,TRB,CDR3,93,7,4,7,R,E
6bj3,TRB,CDR3,93,5,4,5,R,E
6bj3,TRD,CDR1,29,3,4,3,S,T
6bj3,TRB,CDR3,94,5,5,5,G,E
6bj3,TRD,CDR1,28,3,3,3,W,T
6bj3,TRB,CDR3,95,6,6,6,G,A
6bj3,TRB,CDR3,92,4,3,4,T,E
6bj8,TRD,CDR1,28,0,3,0,W,V
6bj8,TRD,CDR3,95,3,5,3,G,T
6bj8,TRB,CDR3,94,4,5,4,G,E
6bj8,TRB,CDR3,98,4,9,4,I,E
6bj8,TRD,CDR1,27,3,2,3,W,T
6bj8,TRB,CDR3,91,4,2,4,R,E
6bj8,TRD,CDR1,28,3,3,3,W,T
6bj8,TRB,CDR3,93,7,4,7,R,E
6bj8,TRB,CDR3,94,5,5,5,G,D
6bj8,TRD,CDR3,94,3,4,3,G,T
6bj8,TRB,CDR3,94,6,5,6,G,A
6bj8,TRB,CDR3,93,5,4,5,R,D
6bj8,TRB,CDR1,25,7,1,7,N,E
6bj8,TRB,CDR3,93,6,4,6,R,A
6bj8,TRD,CDR1,29,3,4,3,S,T
6bj8,TRB,CDR3,95,6,6,6,G,A
6bj8,TRB,CDR3,92,4,3,4,T,E
6bj8,TRD,CDR3,95,4,5,4,G,E
6bj8,TRB,CDR1,27,7,3,7,N,E
6bj8,TRB,CDR3,93,4,4,4,R,E
6d78,TRB,CDR3,94,2,5,2,F,G
6d78,TRB,CDR3,93,6,4,6,S,L
6d78,TRB,CDR2,48,7,2,7,T,T
6d78,TRA,CDR3,90,2,2,2,N,G
6d78,TRB,CDR3,93,5,4,5,S,I
6d78,TRB,CDR3,95,3,6,3,G,I
6d78,TRB,CDR3,96,3,7,3,T,I
6d78,TRA,CDR1,29,2,4,2,Q,G
6d78,TRA,CDR1,30,3,5,3,S,I
6d78,TRB,CDR3,95,2,6,2,G,G
6d78,TRB,CDR1,27,6,3,6,N,L
6d78,TRA,CDR1,29,3,4,3,Q,I
6d78,TRB,CDR1,27,7,3,7,N,T
6d78,TRA,CDR1,29,1,4,1,Q,A
6d78,TRB,CDR3,94,3,5,3,F,I
6d78,TRB,CDR3,94,1,5,1,F,A
6d78,TRA,CDR1,29,0,4,0,Q,A
6d78,TRB,CDR3,94,5,5,5,F,I
6d78,TRB,CDR3,93,4,4,4,S,G
6d78,TRB,CDR3,92,6,3,6,W,L
6d78,TRA,CDR2,49,3,1,3,Y,I
6dkp,TRB,CDR3,96,2,5,2,F,A
6dkp,TRA,CDR1,25,0,0,0,Y,E
6dkp,TRB,CDR3,97,4,6,4,G,I
6dkp,TRA,CDR1,29,2,4,2,Q,A
6dkp,TRB,CDR1,29,8,3,8,N,T
6dkp,TRB,CDR2,50,8,2,8,T,T
6dkp,TRB,CDR3,97,3,6,3,G,G
6dkp,TRB,CDR1,29,7,3,7,N,L
6dkp,TRB,CDR3,95,6,4,6,S,I
6dkp,TRB,CDR3,95,7,4,7,S,L
6dkp,TRB,CDR3,94,7,3,7,W,L
6dkp,TRA,CDR2,49,4,1,4,A,I
6dkp,TRA,CDR1,29,0,4,0,Q,E
6dkp,TRA,CDR3,90,3,2,3,N,G
6dkp,TRA,CDR1,29,1,4,1,Q,L
6dkp,TRB,CDR3,96,3,5,3,F,G
6dkp,TRB,CDR3,96,4,5,4,F,I
6dkp,TRA,CDR1,29,4,4,4,Q,I
6dkp,TRA,CDR1,30,4,5,4,S,I
6dkp,TRB,CDR3,96,6,5,6,F,I
6dkp,TRA,CDR1,29,3,4,3,Q,G
6dkp,TRB,CDR3,95,5,4,5,S,G
6dkp,TRA,CDR1,27,0,2,0,G,E
6eqa,TRA,CDR1,29,2,4,2,Q,G
6eqa,TRB,CDR3,98,4,7,4,G,G
6eqa,TRB,CDR3,95,6,4,6,T,L
6eqa,TRB,CDR3,98,2,7,2,G,G
6eqa,TRB,CDR3,97,3,6,3,L,I
6eqa,TRB,CDR3,98,3,7,3,G,I
6eqa,TRA,CDR2,49,3,1,3,Y,I
6eqa,TRB,CDR3,97,5,6,5,L,I
6eqa,TRA,CDR3,90,3,2,3,N,I
6eqa,TRA,CDR1,29,0,4,0,Q,A
6eqa,TRB,CDR3,96,5,5,5,G,I
6eqa,TRB,CDR3,97,6,6,6,L,L
6eqa,TRA,CDR3,90,2,2,2,N,G
6eqa,TRB,CDR3,99,3,8,3,T,I
6eqa,TRB,CDR3,97,4,6,4,L,G
6eqa,TRB,CDR3,100,3,9,3,G,I
6eqa,TRB,CDR3,95,7,4,7,T,T
6eqa,TRA,CDR1,30,3,5,3,S,I
6eqa,TRB,CDR3,94,6,3,6,E,L
6eqa,TRA,CDR1,29,3,4,3,Q,I
6eqa,TRB,CDR3,98,6,7,6,G,L
6eqa,TRB,CDR3,98,5,7,5,G,I
6eqa,TRB,CDR3,95,5,4,5,T,I
6eqa,TRA,CDR1,29,1,4,1,Q,A
6eqa,TRB,CDR3,99,4,8,4,T,G
6eqa,TRB,CDR3,97,1,6,1,L,A
6eqa,TRB,CDR3,97,2,6,2,L,G
6eqb,TRA,CDR1,30,3,4,3,Q,I
6eqb,TRB,CDR3,97,5,6,5,L,I
6eqb,TRB,CDR3,95,5,4,5,T,I
6eqb,TRB,CDR3,99,3,8,3,M,I
6eqb,TRA,CDR3,91,3,2,3,N,I
6eqb,TRB,CDR3,97,1,6,1,L,A
6eqb,TRB,CDR3,94,6,3,6,E,L
6eqb,TRA,CDR1,31,3,5,3,S,I
6eqb,TRB,CDR3,97,6,6,6,L,L
6eqb,TRA,CDR1,30,0,4,0,Q,A
6eqb,TRB,CDR3,95,6,4,6,T,L
6eqb,TRB,CDR3,98,6,7,6,G,L
6eqb,TRB,CDR3,97,2,6,2,L,G
6eqb,TRA,CDR1,30,2,4,2,Q,G
6eqb,TRA,CDR1,30,1,4,1,Q,A
6eqb,TRB,CDR3,98,3,7,3,G,I
6eqb,TRB,CDR3,96,5,5,5,G,I
6eqb,TRB,CDR3,95,7,4,7,T,T
6eqb,TRB,CDR3,98,4,7,4,G,G
6eqb,TRB,CDR3,98,5,7,5,G,I
6eqb,TRA,CDR2,50,3,1,3,Y,I
6eqb,TRB,CDR3,97,3,6,3,L,I
6eqb,TRB,CDR3,98,2,7,2,G,G
6eqb,TRB,CDR3,97,4,6,4,L,G
6g9q,TRA,CDR3,94,4,5,4,N,D
6g9q,TRA,CDR3,92,3,3,3,Y,Y
6g9q,TRB,CDR3,97,7,8,7,N,P
6g9q,TRB,CDR3,92,6,3,6,D,A
6g9q,TRB,CDR3,96,3,7,3,R,Y
6g9q,TRB,CDR3,92,7,3,7,D,P
6g9q,TRA,CDR3,92,0,3,0,Y,K
6g9q,TRA,CDR3,93,3,4,3,G,Y
6g9q,TRB,CDR3,93,5,4,5,A,Y
6g9q,TRA,CDR3,92,1,3,1,Y,A
6g9q,TRB,CDR3,98,5,9,5,T,Y
6g9q,TRB,CDR3,97,6,8,6,N,A
6g9q,TRB,CDR3,97,5,8,5,N,Y
6g9q,TRA,CDR3,94,3,5,3,N,Y
6g9q,TRA,CDR1,29,3,4,3,N,Y
6g9q,TRB,CDR3,96,5,7,5,R,Y
6g9q,TRB,CDR3,93,7,4,7,A,P
6l9l,TRA,CDR3,90,5,3,5,G,Y
6l9l,TRA,CDR1,28,3,4,3,N,Y
6l9l,TRA,CDR1,28,5,4,5,N,Y
6l9l,TRA,CDR3,89,5,2,5,Q,Y
6l9l,TRA,CDR1,28,2,4,2,N,S
6l9l,TRB,CDR3,94,7,5,7,D,Q
6l9l,TRB,CDR3,94,3,5,3,D,Y
6l9l,TRA,CDR1,28,1,4,1,N,P
6l9l,TRB,CDR1,27,7,3,7,N,Q
6l9l,TRA,CDR3,92,3,5,3,G,Y
6l9l,TRA,CDR3,90,3,3,3,G,Y
6l9l,TRA,CDR3,91,3,4,3,T,Y
6l9l,TRB,CDR3,95,5,6,5,Y,Y
6l9l,TRA,CDR1,29,5,5,5,E,Y
6l9l,TRA,CDR1,30,5,6,5,Y,Y
6l9l,TRB,CDR3,95,7,6,7,Y,Q
6l9l,TRB,CDR3,93,7,4,7,G,Q
6l9l,TRA,FR2,32,5,1,5,Y,Y
6l9l,TRB,CDR3,92,7,3,7,D,Q
6l9l,TRB,CDR3,95,6,6,6,Y,H
6l9l,TRA,CDR3,91,5,4,5,T,Y
6l9l,TRB,CDR3,94,5,5,5,D,Y
6l9l,TRA,CDR1,30,6,6,6,Y,H
6mtm,TRB,CDR1,27,6,3,6,D,L
6mtm,TRA,CDR3,95,2,8,2,Q,D
6mtm,TRA,CDR3,92,2,5,2,G,D
6mtm,TRA,CDR3,92,3,5,3,G,L
6mtm,TRB,CDR2,47,3,1,3,Q,L
6mtm,TRA,CDR3,91,2,4,2,S,D
6mtm,TRA,CDR3,92,0,5,0,G,F
6mtm,TRA,CDR3,93,3,6,3,G,L
6mtm,TRB,CDR3,90,6,3,6,M,L
6mtm,TRB,CDR3,91,5,4,5,S,V
6mtm,TRA,CDR3,95,3,8,3,Q,L
6mtm,TRA,CDR3,93,0,6,0,G,F
6mtm,TRB,CDR1,27,7,3,7,D,S
6mtm,TRB,FR3,68,7,16,7,K,S
6mtm,TRB,CDR3,91,6,4,6,S,L
6p64,TRA,CDR1,30,3,5,3,Y,L
6p64,TRA,CDR1,28,0,3,0,S,K
6p64,TRA,CDR3,97,5,6,5,Y,W
6p64,TRA,CDR3,97,2,6,2,Y,W
6p64,TRB,CDR3,98,5,6,5,P,W
6p64,TRA,CDR3,94,3,3,3,D,L
6p64,TRA,CDR1,29,3,4,3,D,L
6p64,TRB,FR2,47,5,16,5,Y,W
6p64,TRA,CDR1,26,0,1,0,S,K
6p64,TRB,CDR3,96,7,4,7,T,F
6p64,TRA,CDR3,97,4,6,4,Y,V
6p64,TRA,CDR1,29,2,4,2,D,W
6p64,TRB,CDR2,50,7,2,7,N,F
6p64,TRB,CDR3,99,5,7,5,T,W
6p64,TRA,CDR3,97,3,6,3,Y,L
6p64,TRB,CDR3,97,7,5,7,S,F
6p64,TRB,CDR2,49,5,1,5,N,W
6p64,TRA,CDR1,31,4,6,4,Y,V
6p64,TRB,CDR3,97,5,5,5,S,W
6p64,TRB,CDR3,99,3,7,3,T,L
6p64,TRB,CDR3,96,5,4,5,T,W
6p64,TRB,FR3,54,5,0,5,I,W
6p64,TRA,CDR3,95,3,4,3,S,L
6p64,TRA,CDR1,31,3,6,3,Y,L
6p64,TRB,CDR2,49,7,1,7,N,F
6p64,TRA,CDR1,27,0,2,0,E,K
6q3s,TRB,CDR3,95,6,6,6,N,T
6q3s,TRA,CDR3,93,4,4,4,T,W
6q3s,TRB,CDR3,94,4,5,4,G,W
6q3s,TRA,CDR3,93,3,4,3,T,M
6q3s,TRB,CDR3,92,4,3,4,Y,W
6q3s,TRA,CDR3,96,3,7,3,G,M
6q3s,TRB,CDR3,97,4,8,4,G,W
6q3s,TRA,CDR3,92,3,3,3,P,M
6q3s,TRB,CDR1,25,7,1,7,N,Q
6q3s,TRA,CDR3,91,4,2,4,R,W
6q3s,TRA,CDR3,98,4,9,4,Y,W
6q3s,TRA,CDR3,94,3,5,3,S,M
6q3s,TRB,CDR3,93,5,4,5,V,I
6q3s,TRA,CDR1,29,4,4,4,Y,W
6q3s,TRA,CDR1,29,6,4,6,Y,T
6q3s,TRB,CDR3,93,3,4,3,V,M
6q3s,TRA,CDR3,97,3,8,3,S,M
6q3s,TRB,CDR3,95,5,6,5,N,I
6q3s,TRA,CDR3,98,2,9,2,Y,L
6q3s,TRB,CDR3,92,7,3,7,Y,Q
6q3s,TRB,CDR1,27,7,3,7,E,Q
6q3s,TRB,CDR3,94,5,5,5,G,I
6q3s,TRB,CDR3,93,4,4,4,V,W
6q3s,TRA,CDR3,98,3,9,3,Y,M
6q3s,TRA,CDR3,92,4,3,4,P,W
6q3s,TRA,CDR3,95,3,6,3,G,M
6q3s,TRB,CDR3,94,6,5,6,G,T
6r2l,TRB,CDR2,50,3,3,3,W,K
6r2l,TRA,CDR3,94,3,6,3,W,K
6r2l,TRB,CDR2,50,5,3,5,W,L
6r2l,TRB,CDR3,98,6,7,6,S,D
6r2l,TRB,CDR3,101,5,10,5,S,L
6r2l,TRA,CDR3,93,3,5,3,D,K
6r2l,TRB,CDR3,99,5,8,5,I,L
6r2l,TRB,CDR3,99,7,8,7,I,T
6r2l,TRB,CDR3,99,6,8,6,I,D
6r2l,TRA,CDR3,97,3,9,3,D,K
6r2l,TRA,CDR3,92,4,4,4,N,I
6r2l,TRA,CDR3,92,0,4,0,N,S
6r2l,TRA,CDR3,96,3,8,3,T,K
6r2l,TRA,CDR1,30,3,3,3,N,K
6r2l,TRA,CDR3,92,3,4,3,N,K
6r2l,TRA,CDR1,30,4,3,4,N,I
6r2l,TRB,CDR3,101,6,10,6,S,D
6r2l,TRB,CDR3,98,5,7,5,S,L
6r2l,TRB,CDR3,102,6,11,6,Y,D
6r2l,TRB,CDR3,98,7,7,7,S,T
6r2l,TRA,CDR3,92,2,4,2,N,S
6r2l,TRB,CDR3,101,4,10,4,S,I
6r2l,TRB,CDR3,100,5,9,5,S,L
6r2l,TRB,CDR3,100,6,9,6,S,D
6r2l,TRA,CDR3,92,1,4,1,N,L
6r2l,TRA,CDR3,91,3,3,3,G,K
6rp9,TRB,CDR2,50,5,2,5,Y,I
6rp9,TRA,CDR3,91,5,5,5,P,I
6rp9,TRA,CDR3,91,3,5,3,P,M
6rp9,TRB,CDR3,98,5,6,5,G,I
6rp9,TRB,FR2,47,3,16,3,Y,M
6rp9,TRA,CDR3,93,3,7,3,N,M
6rp9,TRB,CDR2,50,7,2,7,Y,Q
6rp9,TRA,CDR3,92,3,6,3,G,M
6rp9,TRB,CDR2,49,5,1,5,N,I
6rp9,TRB,CDR1,29,7,3,7,V,Q
6rp9,TRB,CDR3,97,6,5,6,G,T
6rp9,TRB,FR3,54,3,0,3,Q,M
6rp9,TRB,CDR3,99,6,7,6,V,T
6rp9,TRB,CDR1,29,5,3,5,V,I
6rp9,TRB,CDR1,30,5,4,5,S,I
6rp9,TRB,CDR2,49,3,1,3,N,M
6rp9,TRB,CDR3,98,7,6,7,G,Q
6rp9,TRB,CDR3,97,5,5,5,G,I
6rp9,TRA,CDR3,91,6,5,6,P,T
6rp9,TRB,CDR3,95,5,3,5,S,I
6rp9,TRB,CDR3,98,6,6,6,G,T
6rp9,TRB,CDR3,97,7,5,7,G,Q
6rp9,TRA,CDR3,92,5,6,5,G,I
6rpb,TRB,CDR3,93,3,4,3,L,M
6rpb,TRB,CDR3,93,5,4,5,L,I
6rpb,TRB,CDR1,24,7,0,7,M,Q
6rpb,TRA,CDR1,28,4,4,4,Q,W
6rpb,TRB,CDR3,92,7,3,7,Y,Q
6rpb,TRA,CDR3,93,4,6,4,S,W
6rpb,TRB,CDR3,94,6,5,6,N,T
6rpb,TRB,CDR3,95,4,6,4,R,W
6rpb,TRA,CDR3,91,3,4,3,G,M
6rpb,TRA,CDR3,93,3,6,3,S,M
6rpb,TRB,CDR1,25,7,1,7,N,Q
6rpb,TRA,CDR3,94,5,7,5,Y,I
6rpb,TRB,CDR3,93,4,4,4,L,W
6rpb,TRA,CDR3,89,4,2,4,K,W
6rpb,TRA,CDR3,90,3,3,3,S,M
6rpb,TRA,CDR3,94,4,7,4,Y,W
6rpb,TRA,CDR3,92,3,5,3,G,M
6rpb,TRB,CDR1,27,5,3,5,E,I
6rpb,TRA,CDR3,94,2,7,2,Y,L
6rpb,TRB,CDR3,94,4,5,4,N,W
6rpb,TRB,CDR3,94,5,5,5,N,I
6rpb,TRB,CDR1,27,7,3,7,E,Q
6rpb,TRA,CDR3,94,3,7,3,Y,M
6rpb,TRA,CDR3,90,4,3,4,S,W
6rpb,TRB,CDR1,26,7,2,7,H,Q
6rsy,TRB,CDR3,98,4,8,4,D,N
6rsy,TRB,CDR3,95,6,5,6,F,P
6rsy,TRA,CDR3,93,3,5,3,T,P
6rsy,TRB,CDR3,95,4,5,4,F,N
6rsy,TRB,CDR3,96,4,6,4,G,N
6rsy,TRA,CDR3,97,4,9,4,Y,N
6rsy,TRB,CDR3,94,7,4,7,G,Y
6rsy,TRA,CDR3,95,0,7,0,G,R
6rsy,TRB,CDR3,94,5,4,5,G,A
6rsy,TRB,CDR3,94,4,4,4,G,N
6rsy,TRB,CDR3,95,7,5,7,F,Y
6rsy,TRA,CDR3,92,3,4,3,T,P
6rsy,TRA,CDR3,94,0,6,0,S,R
6rsy,TRA,CDR3,93,1,5,1,T,M
6rsy,TRB,CDR1,28,3,4,3,R,P
6rsy,TRB,CDR1,27,7,3,7,N,Y
6rsy,TRB,CDR1,28,4,4,4,R,N
6rsy,TRB,CDR2,47,7,1,7,Q,Y
6rsy,TRB,CDR3,95,5,5,5,F,A
6rsy,TRA,CDR3,93,0,5,0,T,R
6rsy,TRB,CDR2,48,7,2,7,N,Y
6rsy,TRA,CDR3,92,4,4,4,T,N
6rsy,TRA,CDR3,97,3,9,3,Y,P
6tmo,TRB,CDR3,98,4,7,4,G,I
6tmo,TRA,CDR2,50,4,1,4,Y,I
6tmo,TRB,CDR3,95,6,4,6,T,I
6tmo,TRB,CDR3,94,7,3,7,E,L
6tmo,TRB,CDR3,95,8,4,8,T,T
6tmo,TRB,CDR3,98,7,7,7,G,L
6tmo,TRB,CDR3,97,4,6,4,L,I
6tmo,TRA,CDR1,30,2,4,2,Q,A
6tmo,TRB,CDR3,97,7,6,7,L,L
6tmo,TRB,CDR3,97,5,6,5,L,G
6tmo,TRA,CDR1,30,0,4,0,Q,E
6tmo,TRB,CDR3,95,7,4,7,T,L
6tmo,TRB,CDR3,97,2,6,2,L,A
6tmo,TRB,CDR3,98,5,7,5,G,G
6tmo,TRB,CDR3,96,6,5,6,G,I
6tmo,TRB,CDR3,97,3,6,3,L,G
6tmo,TRB,CDR3,98,6,7,6,G,I
6tmo,TRA,CDR1,26,0,0,0,F,E
6tmo,TRA,CDR1,30,3,4,3,Q,G
6tmo,TRB,CDR3,96,7,5,7,G,L
6tmo,TRA,CDR1,31,4,5,4,S,I
6tmo,TRA,CDR1,30,4,4,4,Q,I
6tmo,TRB,CDR3,99,4,8,4,M,I
6tmo,TRA,CDR3,91,3,2,3,N,G
6tmo,TRA,CDR1,28,0,2,0,G,E
6tmo,TRB,CDR3,97,6,6,6,L,I
6tmo,TRA,CDR1,30,1,4,1,Q,A
6tmo,TRB,CDR3,98,3,7,3,G,G
6tro,TRB,CDR3,95,5,7,5,S,R
6tro,TRA,CDR3,97,3,8,3,Y,D
6tro,TRB,CDR3,98,4,10,4,P,G
6tro,TRB,CDR3,94,6,6,6,T,E
6tro,TRA,CDR3,93,1,4,1,S,V
6tro,TRA,CDR3,93,3,4,3,S,D
6tro,TRB,CDR3,93,6,5,6,M,E
6tro,TRA,CDR3,92,3,3,3,H,D
6tro,TRB,CDR3,93,5,5,5,M,R
6tro,TRB,CDR3,93,4,5,4,M,G
6tro,TRB,CDR3,99,4,11,4,Y,G
6tro,TRB,CDR3,98,3,10,3,P,D
6tro,TRB,CDR3,98,5,10,5,P,R
6tro,TRA,CDR1,29,3,4,3,S,D
6tro,TRA,CDR3,97,4,8,4,Y,G
6tro,TRB,CDR3,96,5,8,5,G,R
6tro,TRB,CDR3,93,3,5,3,M,D
6tro,TRB,CDR3,97,5,9,5,D,R
6tro,TRB,CDR3,99,3,11,3,Y,D
6tro,TRA,CDR3,97,2,8,2,Y,Y
6uk4,TRA,CDR1,29,3,4,3,D,L
6uk4,TRB,CDR3,99,3,7,3,T,L
6uk4,TRA,CDR1,30,3,5,3,Y,L
6uk4,TRA,CDR1,28,0,3,0,S,K
6uk4,TRB,CDR3,96,7,4,7,T,F
6uk4,TRA,CDR2,52,4,3,4,Y,V
6uk4,TRA,CDR3,95,3,4,3,S,L
6uk4,TRB,FR2,47,5,16,5,Y,W
6uk4,TRA,CDR1,31,3,6,3,Y,L
6uk4,TRB,CDR2,49,5,1,5,N,W
6uk4,TRA,CDR2,52,3,3,3,Y,L
6uk4,TRA,CDR1,29,1,4,1,D,Q
6uk4,TRB,CDR2,49,7,1,7,N,F
6uk4,TRA,CDR1,31,4,6,4,Y,V
6uk4,TRA,CDR3,97,2,6,2,Y,W
6uk4,TRA,CDR1,29,0,4,0,D,K
6uk4,TRA,CDR2,52,1,3,1,Y,Q
6uk4,TRB,CDR3,97,7,5,7,S,F
6uk4,TRB,CDR3,99,4,7,4,T,V
6uk4,TRB,CDR3,97,4,5,4,S,V
6uk4,TRB,FR3,54,5,0,5,I,W
6uk4,TRB,CDR3,97,5,5,5,S,W
6uk4,TRA,CDR3,97,3,6,3,Y,L
6uk4,TRB,CDR3,96,5,4,5,T,W
6uk4,TRA,CDR2,52,2,3,2,Y,W
6uk4,TRB,CDR3,99,5,7,5,T,W
6uk4,TRA,CDR1,27,3,2,3,E,L
6uk4,TRA,CDR3,94,3,3,3,D,L
6uk4,TRB,CDR3,98,5,6,5,P,W
6uk4,TRA,CDR3,97,5,6,5,Y,W
6uk4,TRA,CDR3,97,4,6,4,Y,V
6uk4,TRB,CDR2,50,7,2,7,N,F
6ulr,TRA,CDR3,93,4,7,4,A,V
6ulr,TRB,CDR2,47,6,1,6,Y,K
6ulr,TRB,CDR2,48,6,2,6,E,K
6ulr,TRA,CDR3,91,3,5,3,D,G
6ulr,TRA,CDR3,92,4,6,4,Q,V
6ulr,TRA,CDR3,91,1,5,1,D,A
6ulr,TRA,CDR3,92,3,6,3,Q,G
6ulr,TRA,CDR3,92,5,6,5,Q,G
6uon,TRA,CDR3,94,1,7,1,Y,A
6uon,TRB,CDR3,92,5,3,5,D,G
6uon,TRA,CDR3,94,4,7,4,Y,V
6uon,TRB,CDR3,95,6,6,6,T,K
6uon,TRB,CDR3,95,4,6,4,T,V
6uon,TRB,CDR3,93,3,4,3,P,G
6uon,TRB,CDR3,94,5,5,5,G,G
6uon,TRB,CDR3,95,5,6,5,T,G
6uon,TRA,CDR3,91,4,4,4,D,V
6uon,TRA,CDR3,94,3,7,3,Y,G
6uon,TRA,CDR1,29,4,5,4,S,V
6uon,TRB,CDR3,93,4,4,4,P,V
6uon,TRB,CDR3,94,4,5,4,G,V
6uon,TRB,CDR3,92,4,3,4,D,V
6uon,TRB,CDR3,93,5,4,5,P,G
6uon,TRB,CDR3,92,6,3,6,D,K
6vm7,TRB,CDR1,27,7,3,7,D,S
6vm7,TRB,CDR3,93,5,4,5,T,P
6vm7,TRB,CDR1,26,6,2,6,H,F
6vm7,TRB,CDR3,94,4,5,4,L,V
6vm7,TRB,CDR1,27,6,3,6,D,F
6vm7,TRB,CDR3,96,3,7,3,S,Q
6vm7,TRA,CDR3,95,3,5,3,R,Q
6vm7,TRB,CDR3,97,3,8,3,Y,Q
6vm7,TRB,CDR1,27,5,3,5,D,P
6vm7,TRA,CDR1,30,3,5,3,N,Q
6vm7,TRB,CDR3,95,3,6,3,S,Q
6vm7,TRA,CDR3,94,3,4,3,R,Q
6vm7,TRB,CDR3,93,4,4,4,T,V
6vm7,TRB,CDR3,94,3,5,3,L,Q
6vm7,TRB,CDR2,48,7,2,7,I,S
6vm7,TRB,CDR3,95,4,6,4,S,V
6vm7,TRA,CDR3,92,3,2,3,N,Q
6vm7,TRB,CDR3,93,6,4,6,T,F
6vm7,TRB,CDR3,92,6,3,6,I,F
6vm7,TRB,CDR2,47,4,1,4,Q,V
6vm7,TRB,CDR1,25,6,1,6,N,F
6vm7,TRA,CDR3,96,4,6,4,N,V
6vm8,TRB,CDR3,95,4,6,4,S,V
6vm8,TRB,CDR3,94,3,5,3,L,Q
6vm8,TRB,CDR3,95,3,6,3,S,Q
6vm8,TRB,CDR3,97,3,8,3,Y,Q
6vm8,TRA,CDR3,92,3,2,3,N,Q
6vm8,TRB,CDR3,93,5,4,5,T,P
6vm8,TRB,CDR3,93,6,4,6,T,F
6vm8,TRB,CDR3,94,4,5,4,L,V
6vm8,TRB,CDR3,92,6,3,6,I,F
6vm8,TRB,CDR1,27,6,3,6,D,F
6vm8,TRA,CDR3,95,3,5,3,R,Q
6vm8,TRA,CDR3,94,3,4,3,R,Q
6vm8,TRA,CDR1,30,3,5,3,N,Q
6vm8,TRB,CDR2,48,7,2,7,I,S
6vm8,TRB,CDR3,93,4,4,4,T,V
6vm8,TRB,CDR3,96,3,7,3,S,Q
6vm8,TRB,CDR2,47,4,1,4,Q,V
6vm8,TRB,CDR1,27,5,3,5,D,P
6vm8,TRB,CDR1,26,6,2,6,H,F
6vm8,TRB,CDR1,27,7,3,7,D,S
6vm8,TRB,CDR1,25,6,1,6,N,F
6vm8,TRA,CDR3,96,4,6,4,N,V
6vma,TRA,CDR1,30,3,4,3,Q,Q
6vma,TRB,CDR3,96,3,7,3,Y,Q
6vma,TRA,CDR1,31,3,5,3,S,Q
6vma,TRB,CDR3,95,4,6,4,T,V
6vma,TRB,CDR3,95,3,6,3,T,Q
6vma,TRA,CDR3,91,3,2,3,N,Q
6vma,TRA,CDR1,30,2,4,2,Q,D
6vma,TRA,CDR3,93,1,4,1,L,T
6vma,TRA,CDR3,93,2,4,2,L,D
6vma,TRB,CDR3,92,5,3,5,M,P
6vma,TRA,CDR3,96,4,7,4,N,V
6vma,TRB,CDR3,92,6,3,6,M,F
6vma,TRA,CDR3,93,3,4,3,L,Q
6vma,TRB,CDR3,92,4,3,4,M,V
6vma,TRB,CDR3,96,4,7,4,Y,V
6vma,TRA,CDR3,94,0,5,0,L,I
6vma,TRB,CDR3,96,5,7,5,Y,P
6vma,TRB,CDR3,96,6,7,6,Y,F
6vma,TRA,CDR3,93,0,4,0,L,I
6vmc,TRA,CDR3,93,2,4,2,L,D
6vmc,TRA,CDR3,91,3,2,3,N,Q
6vmc,TRB,CDR3,96,5,7,5,Y,P
6vmc,TRA,CDR3,93,0,4,0,L,I
6vmc,TRB,CDR3,93,4,4,4,G,V
6vmc,TRB,CDR3,92,5,3,5,M,P
6vmc,TRA,CDR3,93,1,4,1,L,L
6vmc,TRB,CDR3,96,4,7,4,Y,V
6vmc,TRB,CDR3,92,6,3,6,M,F
6vmc,TRB,CDR3,95,4,6,4,T,V
6vmc,TRB,CDR3,92,4,3,4,M,V
6vmc,TRA,CDR3,94,0,5,0,L,I
6vmc,TRB,CDR3,96,6,7,6,Y,F
6vmc,TRA,CDR3,93,3,4,3,L,Q
6vmc,TRA,CDR1,30,2,4,2,Q,D
6vmc,TRB,CDR3,95,3,6,3,T,Q
6vmc,TRA,CDR1,31,3,5,3,S,Q
6vmc,TRB,CDR3,96,3,7,3,Y,Q
6vmc,TRA,CDR1,30,3,4,3,Q,Q
6vmx,TRA,CDR3,96,3,5,3,N,I
6vmx,TRA,CDR1,31,4,4,4,Y,F
6vmx,TRA,CDR3,95,3,4,3,S,I
6vmx,TRB,CDR3,98,4,7,4,T,F
6vmx,TRB,CDR3,94,7,3,7,Q,R
6vmx,TRA,CDR3,94,3,3,3,S,I
6vmx,TRB,CDR3,96,3,5,3,L,I
6vmx,TRA,CDR3,97,3,6,3,T,I
6vmx,TRB,CDR1,29,7,3,7,R,R
6vmx,TRB,CDR3,95,7,4,7,D,R
6vmx,TRB,CDR3,98,5,7,5,T,I
6vmx,TRB,CDR3,98,3,7,3,T,I
6vmx,TRB,CDR3,95,5,4,5,D,I
6vmx,TRA,CDR1,31,3,4,3,Y,I
6vmx,TRB,CDR3,96,5,5,5,L,I
6vmx,TRB,CDR2,50,7,2,7,Y,R
6vmx,TRA,CDR3,96,0,5,0,N,R
6vmx,TRA,CDR1,29,0,2,0,N,R
6vmx,TRA,CDR3,98,3,7,3,G,I
6vmx,TRA,CDR3,95,0,4,0,S,R
6vqo,TRA,CDR3,96,7,8,7,S,H
6vqo,TRA,CDR3,98,6,10,6,Y,R
6vqo,TRA,CDR3,92,5,4,5,L,V
6vqo,TRA,CDR3,96,5,8,5,S,V
6vqo,TRB,CDR3,96,6,7,6,A,R
6vqo,TRB,CDR1,27,7,3,7,E,H
6vqo,TRA,CDR3,92,2,4,2,L,T
6vqo,TRB,CDR3,93,7,4,7,Q,H
6vqo,TRA,CDR1,27,3,2,3,A,E
6vqo,TRA,CDR1,30,6,5,6,Y,R
6vqo,TRB,CDR2,47,7,1,7,M,H
6vqo,TRA,CDR1,29,3,4,3,Q,E
6vqo,TRA,CDR1,29,4,4,4,Q,V
6vqo,TRB,CDR3,97,6,8,6,D,R
6vqo,TRB,CDR3,94,7,5,7,Q,H
6vqo,TRA,CDR3,98,4,10,4,Y,V
6vqo,TRA,CDR3,98,3,10,3,Y,E
6vqo,TRB,CDR3,93,6,4,6,Q,R
6vqo,TRB,CDR3,94,5,5,5,Q,V
6vqo,TRB,CDR3,93,8,4,8,Q,C
6vqo,TRA,CDR3,92,3,4,3,L,E
6vqo,TRB,CDR3,94,6,5,6,Q,R
6vqo,TRA,CDR3,98,5,10,5,Y,V
6vrm,TRB,CDR3,99,6,9,6,G,R
6vrm,TRB,CDR3,93,6,3,6,E,R
6vrm,TRB,CDR3,97,5,7,5,Q,V
6vrm,TRA,CDR3,90,3,3,3,P,E
6vrm,TRB,CDR3,93,7,3,7,E,H
6vrm,TRA,CDR3,91,3,4,3,G,E
6vrm,TRB,CDR3,98,6,8,6,V,R
6vrm,TRB,CDR3,98,5,8,5,V,V
6vrm,TRA,CDR3,94,3,7,3,Q,E
6vrm,TRB,CDR3,97,7,7,7,Q,H
6vrm,TRB,CDR3,101,6,11,6,E,R
6vrm,TRA,CDR1,29,3,4,3,Q,E
6vrm,TRA,CDR3,92,3,5,3,G,E
6vrm,TRB,CDR3,97,6,7,6,Q,R
6vrm,TRB,CDR3,98,4,8,4,V,V
6vrm,TRA,CDR1,29,4,4,4,Q,V
6vrm,TRB,CDR3,100,6,10,6,D,R
6vrm,TRB,CDR3,96,5,6,5,W,V
6vrm,TRB,CDR1,28,7,3,7,N,H
6vrm,TRB,CDR3,94,7,4,7,G,H
6vrm,TRB,CDR3,98,3,8,3,V,E
6vrm,TRB,CDR3,96,7,6,7,W,H
7jwi,TRB,CDR2,49,3,3,3,K,E
7jwi,TRB,FR3,53,7,1,7,R,T
7jwi,TRB,FR3,52,7,0,7,N,T
7jwi,TRB,CDR2,50,4,4,4,I,N
7jwi,TRB,FR3,53,6,1,6,R,E
7jwi,TRB,CDR2,51,5,5,5,L,M
7jwi,TRB,CDR2,50,7,4,7,I,T
7jwi,TRB,FR3,52,8,0,8,N,M
7jwi,TRB,FR3,52,6,0,6,N,E
7jwi,TRB,CDR2,49,5,3,5,K,M
7jwi,TRB,CDR2,51,6,5,6,L,E
7jwi,TRB,CDR2,51,7,5,7,L,T
7jwi,TRB,CDR2,50,5,4,5,I,M
7jwj,TRB,CDR3,98,5,8,5,S,M
7jwj,TRB,CDR1,28,6,3,6,D,E
7jwj,TRB,CDR3,97,3,7,3,H,E
7jwj,TRB,CDR1,28,5,3,5,D,M
7jwj,TRA,CDR1,27,3,3,3,R,E
7jwj,TRB,CDR3,94,4,4,4,G,N
7jwj,TRB,CDR3,94,5,4,5,G,M
7jwj,TRB,CDR3,98,4,8,4,S,N
7jwj,TRB,CDR3,100,5,10,5,T,M
7jwj,TRB,CDR3,93,5,3,5,R,M
7jwj,TRB,CDR3,99,3,9,3,N,E
7jwj,TRB,CDR1,28,7,3,7,D,T
7jwj,TRB,CDR3,98,3,8,3,S,E
7jwj,TRB,CDR2,48,7,1,7,Y,T
7jwj,TRB,CDR2,49,7,2,7,D,T
7jwj,TRB,CDR1,26,6,1,6,N,E
7jwj,TRB,CDR3,93,6,3,6,R,E
7n1f,TRA,CDR1,27,0,2,0,G,Y
7n1f,TRB,CDR2,48,7,1,7,Q,L
7n1f,TRA,CDR3,90,4,2,4,N,R
7n1f,TRB,CDR3,95,6,4,6,D,F
7n1f,TRA,CDR3,93,5,5,5,D,T
7n1f,TRB,CDR1,29,4,4,4,R,R
7n1f,TRA,CDR1,30,4,5,4,S,R
7n1f,TRB,CDR3,94,7,3,7,P,L
7n1f,TRA,CDR1,29,4,4,4,Q,R
7n1f,TRB,CDR1,29,6,4,6,R,F
7n1f,TRA,CDR1,29,2,4,2,Q,Q
7n1f,TRA,CDR3,93,3,5,3,D,P
7n1f,TRB,CDR3,95,4,4,4,D,R
7n1f,TRA,CDR3,90,3,2,3,N,P
7n1f,TRB,CDR3,95,5,4,5,D,T
7n1f,TRB,CDR3,96,4,5,4,I,R
7n1f,TRA,CDR3,93,4,5,4,D,R
7n1f,TRA,CDR1,25,0,0,0,D,Y
7n1f,TRB,CDR1,28,7,3,7,N,L
7n1f,TRA,CDR1,29,3,4,3,Q,P
7n1f,TRB,CDR1,29,7,4,7,R,L
7n1f,TRA,CDR3,92,4,4,4,D,R
7n1f,TRA,CDR1,27,3,2,3,G,P
7n1f,TRA,CDR3,92,3,4,3,D,P
7n1f,TRA,CDR1,29,6,4,6,Q,F
7n1f,TRB,CDR1,29,5,4,5,R,T
7n1f,TRB,CDR3,95,7,4,7,D,L
7n6e,TRA,CDR1,28,0,2,0,A,Y
7n6e,TRB,CDR3,95,4,6,4,T,R
7n6e,TRB,CDR3,94,7,5,7,N,L
7n6e,TRA,CDR1,30,3,4,3,Q,P
7n6e,TRB,CDR3,96,4,7,4,G,R
7n6e,TRA,CDR3,90,3,2,3,N,P
7n6e,TRA,CDR1,30,6,4,6,Q,F
7n6e,TRB,CDR3,94,6,5,6,N,F
7n6e,TRB,CDR2,47,5,1,5,Q,T
7n6e,TRB,CDR3,94,4,5,4,N,R
7n6e,TRA,CDR1,28,3,2,3,A,P
7n6e,TRA,CDR3,95,4,7,4,M,R
7n6e,TRB,CDR3,91,4,2,4,Q,R
7n6e,TRA,CDR3,90,4,2,4,N,R
7n6e,TRA,CDR3,93,4,5,4,N,R
7n6e,TRB,CDR3,93,5,4,5,T,T
7n6e,TRA,CDR1,31,4,5,4,S,R
7n6e,TRA,CDR3,92,4,4,4,N,R
7n6e,TRA,CDR3,93,5,5,5,N,T
7n6e,TRB,CDR3,93,7,4,7,T,L
7n6e,TRA,CDR3,93,3,5,3,N,P
7n6e,TRA,CDR1,30,2,4,2,Q,Q
7n6e,TRB,CDR1,27,7,3,7,D,L
7n6e,TRB,CDR3,93,4,4,4,T,R
7n6e,TRB,CDR3,93,6,4,6,T,F
7n6e,TRA,CDR3,92,3,4,3,N,P
7n6e,TRA,CDR1,26,0,0,0,N,Y
7n6e,TRB,CDR3,94,8,5,8,N,L
7n6e,TRA,CDR3,93,6,5,6,N,F
7n6e,TRB,CDR2,47,7,1,7,Q,L
7n6e,TRA,CDR1,30,4,4,4,Q,R
7n6e,TRA,CDR3,91,3,3,3,R,P
