pdb.id,mhc.class,mhc.allele,status
1ao7,MHCI,HLA-A*02:1219N,ok
1bd2,MHCI,HLA-A*02:792N,ok
1d9k,MHCII,H2-Aa:P01910,ok
1fo0,MHCI,H2-K1:P01901,ok
1fyt,MHCII,HLA-DRA*01:02,ok
1g6r,MHCI,H2-K1:P01901,ok
1kj2,MHCI,H2-K1:P01901,ok
1lp9,MHCI,HLA-A*02:792N,ok
1mi5,MHCI,HLA-B*08:345Q,ok
1nam,MHCI,H2-K1:P01901,ok
1oga,MHCI,HLA-A*02:792N,ok
1u3h,MHCII,H2-Aa:P14438,ok
1ymm,MHCII,HLA-DRA*01:02,ok
1zgl,MHCII,HLA-DRA*01:02,ok
2ak4,MHCI,HLA-B*35:08,ok
2bnq,MHCI,HLA-A*02:792N,ok
2e7l,MHCI,H2-L:P01897,ok
2esv,MHCI,HLA-E*01:130,ok
2iam,MHCII,HLA-DRA*01:02,ok
2nx5,MHCI,HLA-B*35:01,ok
2pxy,MHCII,H2-Aa:P14438,ok
2wbj,MHCII,HLA-DRA*01:02,ok
2ypl,MHCI,HLA-B*57:06,ok
3c5z,MHCII,H2-Aa:P14434,ok
3c60,MHCII,H2-Aa:P14434,ok
3c6l,MHCII,H2-Aa:P14434,ok
3dxa,MHCI,HLA-B*44:05,ok
3ffc,MHCI,HLA-B*08:345Q,ok
3gsn,MHCI,HLA-A*02:614,ok
3hg1,MHCI,HLA-A*02:792N,ok
3kpr,MHCI,HLA-B*44:05,ok
3mbe,MHCII,H2-Aa:P04228,ok
3mv7,MHCI,HLA-B*35:01,ok
3nfj,MHCI,HLA-A*24:02,ok
3o4l,MHCI,HLA-A*02:792N,ok
3o6f,MHCII,HLA-DRA*01:02,ok
3pl6,MHCII,HLA-DQA1*01:02,ok
3pqy,MHCI,H2-D1:P01899,ok
3pwp,MHCI,HLA-A*02:792N,ok
3qdg,MHCI,HLA-A*02:792N,ok
3qdm,MHCI,HLA-A*02:792N,ok
3qib,MHCII,H2-Ea:P01904,ok
3qiu,MHCII,H2-Ea:P01904,ok
3rdt,MHCII,H2-Aa:P14434,ok
3rgv,MHCI,H2-K1:P01901,ok
3sjv,MHCI,HLA-B*08:345Q,ok
3tf7,MHCI,H2-L:P01897,ok
3tfk,MHCI,H2-L:P01897,ok
3tjh,MHCI,H2-L:P01897,ok
3tpu,MHCI,H2-L:P01897,ok
3uts,MHCI,HLA-A*02:792N,ok
3vxm,MHCI,HLA-A*24:02,ok
3vxr,MHCI,HLA-A*24:02,ok
3vxu,MHCI,HLA-A*24:02,ok
4e41,MHCII,HLA-DRA*01:02,ok
4eup,MHCI,HLA-A*02:792N,ok
4ftv,MHCI,HLA-A*02:792N,ok
4g8g,MHCI,HLA-B*27:05,ok
4gg6,MHCII,HLA-DQA1*03:91,ok
4grl,MHCII,HLA-DQA1*01:02,ok
4h1l,MHCII,HLA-DRA*01:02,ok
4jfd,MHCI,HLA-A*02:792N,ok
4jry,MHCI,HLA-B*35:08,ok
4may,MHCII,HLA-DQA1*01:02,ok
4mji,MHCI,HLA-B*51:01,ok
4mnq,MHCI,HLA-A*02:792N,ok
4ms8,MHCI,H2-D1:P01900,ok
4n5e,MHCI,H2-L:P01897,ok
4nhu,MHCI,H2-L:P01897,ok
4ozf,MHCII,HLA-DQA1*05:54,ok
4ozg,MHCII,HLA-DQA1*05:54,ok
4ozh,MHCII,HLA-DQA1*05:54,ok
4ozi,MHCII,HLA-DQA1*05:54,ok
4p2o,MHCII,H2-Ea:P01904,ok
4p2q,MHCII,H2-Ea:P01904,ok
4p2r,MHCII,H2-Ea:P01904,ok
4p4k,MHCII,HLA-DPA1*01:03,ok
4p5t,MHCII,H2-Aa:P14434,ok
4qrp,MHCI,HLA-B*08:345Q,ok
4y19,MHCII,HLA-DRA*01:02,ok
4y1a,MHCII,HLA-DRA*01:02,ok
4z7u,MHCII,HLA-DQA1*03:91,ok
4z7v,MHCII,HLA-DQA1*03:91,ok
4z7w,MHCII,HLA-DQA1*03:91,ok
4zez,MHCI,HLA-A*02:792N,ok
5brz,MHCI,HLA-A*01:01,ok
5c07,MHCI,HLA-A*02:792N,ok
5c0c,MHCI,HLA-A*02:792N,ok
5d2l,MHCI,HLA-A*02:01,ok
5d2n,MHCI,HLA-A*02:01,ok
5e6i,MHCI,HLA-A*02:01,ok
5e9d,MHCI,HLA-A*02:792N,ok
5eu6,MHCI,HLA-A*02:792N,ok
5euo,MHCI,HLA-A*02:1219N,ok
5isz,MHCI,HLA-A*02:792N,ok
5ivx,MHCI,H2-D1:P01900,ok
5jhd,MHCI,HLA-A*02:792N,ok
5ks9,MHCII,HLA-DQA1*03:91,ok
5ksa,MHCII,HLA-DQA1*05:54,ok
5ksb,MHCII,HLA-DQA1*05:54,ok
5m00,MHCI,H2-D1:P01899,ok
5nht,MHCI,HLA-A*02:614,ok
5nme,MHCI,HLA-A*02:792N,ok
5sws,MHCI,H2-D1:P01899,ok
5swz,MHCI,H2-D1:P01899,ok
5tez,MHCI,HLA-A*02:792N,ok
5w1v,MHCI,HLA-E*01:130,ok
5wkf,MHCI,HLA-A*11:01,ok
5wlg,MHCI,H2-D1:P01899,ok
5xot,MHCI,HLA-B*35:01,ok
6amu,MHCI,HLA-A*02:01,ok
6avf,MHCI,HLA-B*07:161N,ok
6avg,MHCI,HLA-B*07:374N,ok
6bga,MHCII,H2-Ea:P01904,ok
6bj2,MHCI,HLA-B*35:01,ok
6cql,MHCII,HLA-DRA*01:02,ok
6dfs,MHCII,H2-Aa:P04228,ok
6dfw,MHCII,H2-Aa:P04228,ok
6dfx,MHCII,HLA-DQA1*03:91,ok
6l9l,MHCI,H2-L:P01897,ok
6mkd,MHCII,H2-Aa:P14434,ok
6mtm,MHCI,HLA-B*37:113,ok
6p64,MHCI,HLA-A*02:06,ok
6px6,MHCII,HLA-DQA1*02:49,ok
6py2,MHCII,HLA-DQA1*02:49,ok
6r0e,MHCII,HLA-DRA*01:02,ok
6r2l,MHCI,HLA-A*02:792N,ok
6rp9,MHCI,HLA-A*02:792N,ok
6rpa,MHCI,HLA-A*02:792N,ok
6rpb,MHCI,HLA-A*02:792N,ok
6rsy,MHCI,HLA-A*02:792N,ok
6tro,MHCI,HLA-A*02:01,ok
6u3n,MHCII,HLA-DQA1*05:54,ok
6ulr,MHCI,HLA-C*08:225Q,ok
6uon,MHCI,HLA-C*08:225Q,ok
6v0y,MHCII,HLA-DRA*01:02,ok
6v13,MHCII,HLA-DRA*01:02,ok
6vm7,MHCI,HLA-A*02:792N,ok
6vma,MHCI,HLA-A*02:792N,ok
6vmx,MHCI,HLA-B*07:161N,ok
6vqo,MHCI,HLA-A*02:01,ok
6vrm,MHCI,HLA-A*02:01,ok
6vrn,MHCI,HLA-A*02:1219N,ok
6xc9,MHCII,HLA-DQA1*03:91,ok
6xco,MHCII,HLA-DQA1*03:91,ok
6xcp,MHCII,HLA-DQA1*03:91,ok
6zkw,MHCI,HLA-E*01:150,ok
7byd,MHCI,HLA-C*06:217,ok
7dzm,MHCI,HLA-B*81:10,ok
7jwj,MHCI,H2-D1:P01899,ok
7n1e,MHCI,HLA-A*02:1219N,ok
7n1f,MHCI,HLA-A*02:1219N,ok
7n2n,MHCI,HLA-B*27:05,ok
7n2p,MHCI,HLA-B*27:05,ok
7n2r,MHCI,HLA-B*27:05,ok
7n2s,MHCI,HLA-B*27:05,ok
7n6e,MHCI,HLA-A*02:1219N,ok
7na5,MHCI,H2-D1:P01899,ok
7ndq,MHCI,HLA-E*01:150,ok
7nme,MHCI,HLA-A*24:513Q,ok
7ow5,MHCI,HLA-A*11:110,ok
7pb2,MHCI,HLA-A*11:517,ok
7pbc,MHCI,HLA-A*02:792N,ok
7pbe,MHCI,HLA-A*02:792N,ok
7phr,MHCI,HLA-A*02:792N,ok
7q99,MHCI,HLA-A*02:792N,ok
7q9b,MHCI,HLA-A*02:792N,ok
7r80,MHCI,HLA-B*53:82,ok
7rdv,MHCII,H2-Aa:P04228,ok
7rk7,MHCI,HLA-A*02:294,ok
7rm4,MHCI,HLA-A*02:792N,ok
7sg0,MHCII,HLA-DQA1*05:54,ok
7sg1,MHCII,HLA-DQA1*05:54,ok
7t2b,MHCII,HLA-DPA1*01:03,ok
7t2c,MHCII,HLA-DPA1*01:03,ok
7t2d,MHCII,HLA-DPA1*01:03,ok
7z50,MHCII,H2-Aa:P04228,ok
8cx4,MHCI,HLA-B*27:05,ok
8d5q,MHCI,H2-L:P01897,ok
8dnt,MHCI,HLA-A*02:792N,ok
8en8,MHCI,HLA-B*35:01,ok
8es8,MHCI,HLA-A*02:792N,ok
8es9,MHCI,HLA-A*02:792N,ok
8f5a,MHCI,HLA-B*57:01,ok
8gom,MHCI,HLA-A*02:792N,ok
8gvb,MHCI,HLA-A*24:02,ok
8i5c,MHCI,HLA-A*11:01,ok
8i5d,MHCI,HLA-A*11:01,ok
8qfy,MHCI,HLA-E*01:150,ok
8rj5,MHCI,HLA-A*24:513Q,ok
8rlt,MHCI,HLA-E*01:150,ok
8rro,MHCI,HLA-A*03:01,ok
8rym,MHCI,HLA-A*03:344,ok
8ryp,MHCI,HLA-A*03:344,ok
8shi,MHCI,HLA-C*06:02,ok
8trl,MHCII,HLA-DRA*01:02,ok
8trq,MHCII,HLA-DRA*01:02,ok
8trr,MHCII,HLA-DRA*01:02,ok
8v4z,MHCI,HLA-B*35:01,ok
8vd0,MHCII,HLA-DQA1*03:91,ok
8vq8,MHCII,H2-Aa:P14434,ok
8wte,MHCI,HLA-A*11:01,ok
8ye4,MHCI,HLA-A*24:269,ok
8yiv,MHCI,HLA-A*01:436Q,ok
9aud,MHCII,H2-Aa:P14434,ok
9d95,MHCI,HLA-B*38:171,ok
9gv6,MHCI,HLA-A*02:792N,ok
9gv7,MHCI,HLA-A*02:792N,ok
9hlj,MHCI,HLA-C*12:351Q,ok
9j4t,MHCI,HLA-B*07:02,ok
9j4u,MHCI,HLA-A*02:1219N,ok
9k2i,MHCI,HLA-A*02:792N,ok
9k2r,MHCI,HLA-C*12:285,ok
9nig,MHCII,HLA-DRA*01:02,ok
9nmu,MHCI,HLA-A*02:792N,ok
9pbg,MHCI,HLA-B*27:05,ok
9ru5,MHCI,HLA-A*01:01,ok
9rxm,MHCI,HLA-A*01:01,ok
9wbd,MHCI,HLA-B*07:02,ok
